WR_Time,WR_X,WR_Y,WR_Z, ,Player_Time,Player_X,Player_Y,Player_Z,XYZ_Distance
0,16.810364,-13.866427,-50.699104,,0,16.81358,-13.866569,-50.698742,0.0032
0.091667,17.212881,-13.890138,-50.692993,,0.158333,17.240555,-13.889709,-50.692268,0.0277
0.15,17.56456,-13.906809,-50.687656,,0.233333,17.538857,-13.903132,-50.687744,0.026
0.216667,18.008553,-13.925479,-50.68092,,0.308333,17.887251,-13.91784,-50.682457,0.1216
0.283333,18.493631,-13.945477,-50.673565,,0.383333,18.28484,-13.934534,-50.676422,0.2091
0.35,19.01903,-13.965119,-50.6656,,0.466667,18.77948,-13.953767,-50.668922,0.2398
0.425,19.657734,-13.988939,-50.655899,,0.633333,19.930878,-13.996759,-50.651424,0.2733
0.5,20.346327,-14.013475,-50.645432,,0.716667,20.586416,-14.019651,-50.641464,0.2402
0.55,20.832783,-14.030459,-50.641644,,0.716667,20.586416,-14.019651,-50.641464,0.2466
0.608333,21.427132,-14.050164,-50.631454,,0.8,21.294443,-14.043542,-50.630707,0.1329
0.683333,22.233709,-14.076387,-50.601372,,0.883333,22.054371,-14.068295,-50.619186,0.1804
0.758333,23.087631,-14.104207,-50.555264,,0.975,22.946081,-14.097301,-50.605652,0.1504
0.841667,24.088184,-14.136724,-50.483391,,1.066667,23.8916,-14.127929,-50.591305,0.2244
0.925,25.13748,-14.170727,-50.387951,,1.166667,24.983662,-14.163229,-50.574734,0.2421
1.016667,26.34643,-14.209802,-50.252949,,1.258333,26.039536,-14.197392,-50.558674,0.4334
1.108333,27.610657,-14.245547,-50.083397,,1.35,27.146936,-14.230152,-50.541779,0.6522
1.2,28.928261,-14.278474,-49.876438,,1.441667,28.30504,-14.259842,-50.524139,0.899
1.291667,30.297043,-14.312895,-49.629147,,1.633333,30.886925,-14.324091,-50.484829,1.0394
1.383333,31.714746,-14.348578,-49.33873,,1.725,32.196789,-14.356734,-50.464924,1.225
1.475,33.179077,-14.385448,-49.002392,,1.816667,33.55294,-14.390472,-50.444305,1.4896
1.566667,34.687305,-14.418543,-48.617218,,1.916667,35.079285,-14.420786,-50.421127,1.846
1.591667,35.105877,-14.425335,-48.503445,,1.916667,35.079285,-14.420786,-50.421127,1.9179
1.608333,35.405025,-14.429666,-48.423595,,1.916667,35.079285,-14.420786,-50.421127,2.0239
1.7,37.19458,-14.456788,-48.031452,,2.008333,36.52021,-14.440359,-50.399307,2.4621
1.791667,39.059818,-14.483623,-47.778538,,2.2,39.65929,-14.483987,-50.351669,2.642
1.825,39.754749,-14.49361,-47.720043,,2.2,39.65929,-14.483987,-50.351669,2.6334
1.858333,40.457283,-14.503723,-47.669033,,2.291667,41.21946,-14.505892,-50.32798,2.766
1.95,42.422977,-14.532066,-47.508972,,2.383333,42.816895,-14.528378,-50.303684,2.8223
2.041667,44.433208,-14.557466,-47.285534,,2.483333,44.601151,-14.549798,-50.276421,2.9956
2.133333,46.483994,-14.580647,-46.989239,,2.591667,46.581566,-14.571208,-50.229057,3.2413
2.233333,48.763252,-14.606533,-46.579712,,2.716667,48.914558,-14.596876,-50.013054,3.4367
2.283333,49.918262,-14.619538,-46.34206,,2.808333,50.655216,-14.616167,-49.762066,3.4985
2.291667,50.111889,-14.621709,-46.30114,,2.808333,50.655216,-14.616167,-49.762066,3.5033
2.3,50.305874,-14.623882,-46.26004,,2.808333,50.655216,-14.616167,-49.762066,3.5194
2.358333,51.670235,-14.642135,-45.952702,,2.9,52.427807,-14.640014,-49.495476,3.6229
2.433333,53.44241,-14.671157,-45.513882,,3,54.399086,-14.670183,-49.198265,3.8066
2.483333,54.634357,-14.691575,-45.193451,,3,54.399086,-14.670183,-49.198265,4.0118
2.516667,55.433075,-14.70804,-44.966614,,3.091667,56.239964,-14.700961,-48.920494,4.0354
2.55,56.234142,-14.728742,-44.726601,,3.091667,56.239964,-14.700961,-48.920494,4.194
2.641667,58.43977,-14.805603,-43.978313,,3.241667,59.318684,-14.783026,-48.44072,4.5482
2.733333,60.641247,-14.914559,-43.093998,,3.333333,61.215565,-14.857048,-48.034492,4.9741
2.825,62.82592,-15.055842,-42.069965,,3.516667,64.974716,-15.041744,-46.811504,5.2057
2.875,64.001625,-15.137232,-41.445217,,3.608333,66.825439,-15.148872,-46.012451,5.3697
2.95,65.729729,-15.272838,-40.406551,,3.7,68.64563,-15.267787,-45.089336,5.5164
2.991667,66.667084,-15.35246,-39.775032,,3.7,68.64563,-15.267787,-45.089336,5.6713
3.025,67.404106,-15.417999,-39.242516,,3.791667,70.425835,-15.387717,-44.04118,5.6709
3.125,69.548698,-15.615189,-37.512951,,3.983333,73.984657,-15.652977,-41.465088,5.9413
3.175,70.585167,-15.715452,-36.581261,,3.983333,73.984657,-15.652977,-41.465088,5.9508
3.233333,71.758255,-15.827597,-35.436584,,4.083333,75.713547,-15.78129,-39.935925,5.9909
3.308333,73.188438,-15.960719,-33.862385,,4.175,77.20575,-15.894936,-38.435566,6.0875
3.383333,74.509277,-16.077211,-32.168381,,4.366667,80.016487,-16.093731,-35.019402,6.2014
3.483333,76.090454,-16.204771,-29.74226,,4.458333,81.201027,-16.166391,-33.263931,6.2066
3.575,77.338249,-16.288294,-27.364706,,4.641667,83.239372,-16.285265,-29.552687,6.2937
3.666667,78.362419,-16.357132,-24.852922,,4.741667,84.155418,-16.330938,-27.431026,6.3408
3.758333,79.142082,-16.413694,-22.227747,,4.883333,85.202278,-16.394842,-24.329859,6.4145
3.858333,79.699921,-16.475199,-19.263693,,5.091667,86.090164,-16.473679,-19.603987,6.3993
3.95,79.93071,-16.526522,-16.483181,,5.183333,86.254539,-16.508671,-17.497108,6.4046
4.05,79.86821,-16.584255,-13.413694,,5.366667,86.195168,-16.569618,-13.283728,6.3283
4.075,79.800789,-16.598927,-12.644485,,5.416667,86.087379,-16.58563,-12.141433,6.3067
4.091667,79.741806,-16.608679,-12.113517,,5.483333,85.873344,-16.608358,-10.628481,6.3088
4.183333,79.047462,-16.665157,-9.162891,,5.65,84.924171,-16.660166,-6.941086,6.2827
4.275,77.683487,-16.709959,-6.474411,,5.833333,83.158218,-16.714287,-3.160175,6.3998
4.366667,75.693024,-16.785383,-4.240302,,6.016667,80.696312,-16.757528,0.191247,6.6837
4.425,74.153419,-16.809566,-3.132,,6.116667,79.095062,-16.778233,1.792867,6.9768
4.458333,73.20446,-16.8176,-2.61063,,6.208333,77.486946,-16.791039,3.100146,7.1382
4.491667,72.219139,-16.82222,-2.161926,,6.275,76.247475,-16.797628,3.9544,7.3238
4.583333,69.387932,-16.826992,-1.228478,,6.458333,72.645172,-16.809147,5.969561,7.9007
4.675,66.443794,-16.822916,-0.685112,,6.6,69.482567,-16.812449,7.299926,8.5437
4.766667,63.44125,-16.813873,-0.530426,,6.808333,64.170502,-16.804876,8.264286,8.8249
4.775,63.167175,-16.81304,-0.535864,,6.9,61.765747,-16.799114,8.134277,8.7827
4.825,61.521954,-16.807587,-0.620303,,6.991667,59.364059,-16.793972,7.783497,8.6764
4.875,59.873016,-16.802408,-0.74326,,7.083333,56.981003,-16.789301,7.23221,8.4836
4.95,57.397709,-16.796661,-1.020393,,7.175,54.633408,-16.785536,6.482359,7.9958
5.041667,54.397545,-16.791933,-1.607954,,7.3,51.501846,-16.782225,5.181965,7.3816
5.133333,51.481758,-16.789429,-2.543265,,7.441667,48.003227,-16.78014,3.490459,6.9646
5.216667,48.946854,-16.788643,-3.699774,,7.566667,44.994148,-16.779808,1.767797,6.7467
5.25,47.967022,-16.788553,-4.234098,,7.566667,44.994148,-16.779808,1.767797,6.6978
5.283333,46.996834,-16.788593,-4.788108,,7.658333,42.778923,-16.780107,0.472925,6.7431
5.333333,45.535446,-16.788662,-5.613304,,7.658333,42.778923,-16.780107,0.472925,6.6814
5.366667,44.548279,-16.788715,-6.143218,,7.75,40.547348,-16.780441,-0.832018,6.6495
5.45,42.026234,-16.788849,-7.372921,,7.825,38.711491,-16.780691,-1.907767,6.3918
5.5,40.479893,-16.788933,-8.048026,,7.875,37.49588,-16.780752,-2.639526,6.1771
5.591667,37.596371,-16.789097,-9.188093,,8,34.568707,-16.78072,-4.632361,5.4701
5.683333,34.65667,-16.789249,-10.203347,,8.1,32.32436,-16.78055,-6.354788,4.5001
5.758333,32.21291,-16.789379,-10.93744,,8.2,30.096388,-16.779053,-8.091387,3.5468
5.85,29.190804,-16.789541,-11.742054,,8.291667,28.057352,-16.778685,-9.681312,2.3519
5.891667,27.806944,-16.789614,-12.081025,,8.341666,26.942785,-16.780445,-10.543012,1.7642
5.991667,24.451883,-16.789949,-12.834363,,8.475,23.875048,-16.782795,-12.699892,0.5923
6.083333,21.321583,-16.790442,-13.452773,,8.575,21.405914,-16.781443,-14.03474,0.5881
6.116667,20.170504,-16.790077,-13.658552,,8.625,20.1136,-16.781069,-14.579557,0.9228
6.15,19.012218,-16.78895,-13.849621,,8.666667,19.009075,-16.780857,-14.968742,1.1192
6.241667,15.787613,-16.787735,-14.263385,,8.766666,16.263298,-16.780972,-15.71757,1.53
6.333333,12.511211,-16.787519,-14.485293,,8.858334,13.649652,-16.781551,-16.169125,2.0326
6.391667,10.404963,-16.790482,-14.5218,,8.958333,10.716906,-16.782248,-16.32004,1.8251
6.408333,9.782252,-16.790977,-14.517822,,8.958333,10.716906,-16.782248,-16.32004,2.0302
6.458333,7.855141,-16.793966,-14.452284,,9.041667,8.241612,-16.782814,-16.145624,1.7369
6.466667,7.533844,-16.794577,-14.430637,,9.041667,8.241612,-16.782814,-16.145624,1.8553
6.55,4.334002,-16.798637,-14.016649,,9.15,5.017845,-16.783577,-15.573954,1.7009
6.591667,2.749714,-16.798498,-13.680494,,9.241667,2.313424,-16.784214,-14.804905,1.2062
6.641667,0.861532,-16.799679,-13.195336,,9.308333,0.383117,-16.784658,-14.062086,0.9901
6.675,-0.390929,-16.799105,-12.838789,,9.358334,-1.054405,-16.785009,-13.442853,0.8974
6.691667,-1.014305,-16.798893,-12.651958,,9.366667,-1.294203,-16.785069,-13.337178,0.7403
6.7,-1.325159,-16.798798,-12.556105,,9.366667,-1.294203,-16.785069,-13.337178,0.7818
6.791667,-4.69736,-16.797977,-11.373667,,9.466666,-4.190382,-16.785801,-12.046614,0.8426
6.883333,-7.958553,-16.79743,-9.930902,,9.566667,-7.119294,-16.78653,-10.713753,1.1478
6.975,-11.084518,-16.797096,-8.229828,,9.716666,-11.412848,-16.787518,-8.344667,0.348
7.066667,-14.05459,-16.796877,-6.282427,,9.85,-15.004987,-16.787884,-5.797198,1.0671
7.091667,-14.833264,-16.796827,-5.708041,,9.85,-15.004987,-16.787884,-5.797198,0.1937
7.1,-15.089194,-16.796812,-5.511939,,9.85,-15.004987,-16.787884,-5.797198,0.2976
7.158333,-16.862492,-16.796709,-4.118491,,9.95,-17.663254,-16.787851,-3.844575,0.8464
7.233333,-19.163635,-16.796589,-2.361427,,10.041667,-20.096684,-16.787809,-2.056105,0.9818
7.325,-22.02647,-16.796463,-0.292715,,10.141666,-22.750797,-16.787783,-0.105422,0.7482
7.416667,-24.934046,-16.796337,1.699868,,10.275,-26.286949,-16.787754,2.493526,1.5685
7.45,-26.000854,-16.79628,2.404293,,10.275,-26.286949,-16.787754,2.493526,0.2998
7.483333,-27.073116,-16.796196,3.09393,,10.275,-26.286949,-16.787754,2.493526,0.9892
7.533333,-28.695646,-16.796036,4.093549,,10.366667,-28.719887,-16.787758,4.281651,0.1898
7.608333,-31.160963,-16.795748,5.511032,,10.425,-30.269295,-16.787758,5.417949,0.8965
7.7,-34.209652,-16.795353,7.129572,,10.55,-33.662544,-16.787727,7.740231,0.8199
7.791667,-37.278553,-16.794933,8.650876,,10.633333,-36.015705,-16.787371,9.066895,1.3296
7.883333,-40.359921,-16.794495,10.085141,,10.725,-38.633411,-16.786715,10.361105,1.7484
7.975,-43.451153,-16.794054,11.433104,,10.883333,-43.062756,-16.785309,12.492911,1.1288
8.008333,-44.578205,-16.793894,11.899574,,10.933333,-44.439018,-16.784832,13.134582,1.2429
8.041667,-45.708408,-16.793734,12.348953,,10.933333,-44.439018,-16.784832,13.134582,1.4929
8.141666,-49.127861,-16.793253,13.559011,,11.1,-49.069878,-16.783203,14.85146,1.2938
8.158334,-49.702129,-16.793173,13.738199,,11.1,-49.069878,-16.783203,14.85146,1.2803
8.166667,-49.989685,-16.793133,13.825306,,11.125,-49.774258,-16.782957,15.027801,1.2217
8.2,-51.142521,-16.792973,14.157092,,11.133333,-50.009415,-16.782875,15.081214,1.4622
8.291667,-54.354919,-16.792746,14.937712,,11.325,-55.394424,-16.780981,15.571469,1.2175
8.316667,-55.244217,-16.792774,15.117502,,11.325,-55.394424,-16.780981,15.571469,0.4783
8.333333,-55.850044,-16.79282,15.232458,,11.358334,-56.311649,-16.780651,15.521424,0.5447
8.383333,-57.706303,-16.794111,15.529398,,11.391666,-57.219894,-16.780321,15.445591,0.4938
8.441667,-59.88765,-16.794697,15.725209,,11.483334,-59.675461,-16.777464,15.186404,0.5793
8.516666,-62.697552,-16.794756,15.677744,,11.575,-62.087406,-16.770576,14.919668,0.9734
8.608334,-66.067451,-16.794693,15.063763,,11.7,-65.359512,-16.767361,14.450906,0.9368
8.708333,-69.516083,-16.7945,13.650985,,11.891666,-70.17366,-16.77426,12.963304,0.9517
8.758333,-71.101181,-16.794125,12.671971,,11.891666,-70.17366,-16.77426,12.963304,0.9724
8.766666,-71.354958,-16.794008,12.493166,,11.983334,-72.286194,-16.783953,11.853159,1.13
8.8,-72.340782,-16.800377,11.739353,,11.983334,-72.286194,-16.783953,11.853159,0.1273
8.858334,-73.965202,-16.830414,10.301952,,12.091666,-74.585876,-16.823456,10.224487,0.6255
8.908334,-75.279358,-16.881809,8.990338,,12.158334,-75.909294,-16.875145,9.073238,0.6354
8.966666,-76.753647,-16.959394,7.407587,,12.258333,-77.839462,-16.967796,7.266749,1.0949
9.016666,-77.991562,-17.054083,6.03204,,12.258333,-77.839462,-16.967796,7.266749,1.247
9.108334,-80.326614,-17.227337,3.579965,,12.45,-81.515961,-17.212933,3.783556,1.2067
9.208333,-83.157684,-17.402338,1.221444,,12.541667,-83.275261,-17.332232,2.118841,0.9078
9.241667,-84.164558,-17.455633,0.519555,,12.641666,-85.194725,-17.464128,0.303143,1.0527
9.258333,-84.676712,-17.482182,0.182048,,12.641666,-85.194725,-17.464128,0.303143,0.5323
9.291667,-85.708199,-17.54118,-0.480153,,12.641666,-85.194725,-17.464128,0.303143,0.9398
9.391666,-88.765396,-17.714476,-2.511912,,12.841666,-89.034286,-17.753696,-3.325613,0.8579
9.425,-89.744026,-17.743078,-3.232392,,12.841666,-89.034286,-17.753696,-3.325613,0.7159
9.466666,-90.922699,-17.813833,-4.140357,,12.933333,-90.775047,-17.904903,-4.984372,0.8617
9.5,-91.839363,-17.913805,-4.857003,,12.933333,-90.775047,-17.904903,-4.984372,1.0719
9.533334,-92.735954,-18.048847,-5.558937,,13.025,-92.531342,-18.141327,-6.62304,1.0875
9.575,-93.829002,-18.254665,-6.41511,,13.075,-93.504982,-18.29369,-7.50568,1.1384
9.666667,-96.155533,-18.698423,-8.325631,,13.208333,-96.16082,-18.745806,-9.78351,1.4587
9.766666,-98.642113,-19.131086,-10.546733,,13.3,-98.00766,-19.05534,-11.325199,1.0071
9.816667,-99.864601,-19.347584,-11.698465,,13.4,-100.018669,-19.407112,-13.008695,1.3206
9.85,-100.670837,-19.495409,-12.480103,,13.4,-100.018669,-19.407112,-13.008695,0.8441
9.883333,-101.467819,-19.643602,-13.275051,,13.466666,-101.358269,-19.647455,-14.131125,0.8631
9.975,-103.583778,-20.067476,-15.548723,,13.608334,-104.094986,-20.202686,-16.629763,1.2034
10.075,-105.733864,-20.519209,-18.19627,,13.708333,-105.872421,-20.549263,-18.552444,0.3834
10.141666,-107.071686,-20.872845,-20.039867,,13.8,-107.36277,-20.935797,-20.396692,0.4648
10.191667,-108.011436,-21.108723,-21.477701,,13.8,-107.36277,-20.935797,-20.396692,1.2725
10.2,-108.162582,-21.146606,-21.721502,,13.9,-108.849648,-21.286942,-22.498981,1.047
10.275,-109.451981,-21.536747,-23.966484,,13.991667,-110.077148,-21.640652,-24.486212,0.8196
10.291667,-109.719154,-21.625221,-24.479937,,13.991667,-110.077148,-21.640652,-24.486212,0.3584
10.333333,-110.348763,-21.874472,-25.817583,,14.041667,-110.685127,-21.861021,-25.591425,0.4055
10.425,-111.237709,-22.568472,-28.929419,,14.175,-112.071289,-22.525427,-28.607733,0.8945
10.525,-111.289345,-23.240065,-32.457539,,14.366667,-113.348213,-23.282492,-33.160683,2.176
10.616667,-110.477638,-23.821226,-35.580967,,14.466666,-113.638023,-23.65069,-35.58453,3.165
10.666667,-109.706688,-24.118893,-37.167923,,14.55,-113.685555,-23.866819,-37.612339,4.0115
10.7,-109.086411,-24.305326,-38.170528,,14.566667,-113.672691,-23.910793,-38.034939,4.6052
10.733334,-108.38868,-24.457842,-39.125465,,14.658334,-113.297462,-24.180622,-40.428177,5.0863
10.741667,-108.203308,-24.486979,-39.357056,,14.658334,-113.297462,-24.180622,-40.428177,5.2146
10.791667,-107.023399,-24.666447,-40.693958,,14.833333,-111.036163,-24.577335,-44.420605,5.4771
10.85,-105.544327,-24.847788,-42.179302,,14.966666,-108.351692,-24.806599,-46.71677,5.3359
10.925,-103.544334,-25.023891,-44.00528,,15.091666,-105.496437,-25.028002,-48.46368,4.867
10.991667,-101.7267,-25.176323,-45.584236,,15.183333,-103.307297,-25.179867,-49.627884,4.3416
11,-101.498535,-25.195654,-45.780468,,15.183333,-103.307297,-25.179867,-49.627884,4.2514
11.1,-98.497406,-25.450485,-48.54641,,15.316667,-100.081673,-25.41243,-51.281174,3.1607
11.2,-95.755173,-25.724834,-51.629036,,15.45,-96.95916,-25.671675,-53.045891,1.8601
11.291667,-93.506348,-26.037113,-54.71357,,15.608334,-93.550415,-26.051229,-55.492599,0.7804
11.391666,-91.369484,-26.494732,-58.323166,,15.716666,-91.215729,-26.447313,-57.825951,0.5226
11.483334,-89.738525,-27.111021,-61.824596,,15.825,-89.186424,-26.970924,-60.498489,1.4433
11.541667,-88.874725,-27.643095,-64.123627,,15.933333,-87.327469,-27.624809,-63.306461,1.7499
11.575,-88.437195,-27.951643,-65.463745,,16.008333,-86.127296,-28.002834,-65.334015,2.3141
11.608334,-88.034584,-28.25535,-66.820541,,16.008333,-86.127296,-28.002834,-65.334015,2.4313
11.708333,-87.004547,-28.904978,-70.993294,,16.191668,-83.892303,-28.787004,-70.700722,3.1282
11.725,-86.856522,-28.984724,-71.700104,,16.191668,-83.892303,-28.787004,-70.700722,3.1344
11.775,-86.45108,-29.180365,-73.835625,,16.291666,-83.240547,-29.092161,-73.854218,3.2118
11.85,-85.932487,-29.442913,-77.078423,,16.383333,-83.020012,-29.335024,-76.818962,2.926
11.95,-85.36145,-29.730227,-81.465462,,16.549999,-83.305023,-29.721775,-82.271286,2.2087
11.958333,-85.318901,-29.75338,-81.833794,,16.549999,-83.305023,-29.721775,-82.271286,2.0611
12.05,-84.895386,-29.974003,-85.910667,,16.641666,-83.542984,-29.904016,-85.297493,1.4866
12.15,-84.529366,-30.145756,-90.404564,,16.825001,-84.025055,-30.143637,-91.408447,1.1234
12.216666,-84.3424,-30.199049,-93.423721,,16.924999,-84.290497,-30.177277,-94.768806,1.3463
12.233334,-84.299217,-30.201435,-94.199272,,16.924999,-84.290497,-30.177277,-94.768806,0.5701
12.333333,-83.905441,-30.14859,-98.964737,,17.075001,-84.693314,-30.10384,-99.83609,1.1756
12.425,-83.218033,-30.000706,-103.292809,,17.191668,-84.882034,-29.961699,-103.802162,1.7406
12.525,-82.085335,-29.755241,-107.911934,,17.291666,-84.738823,-29.802629,-107.208893,2.7455
12.616667,-80.709755,-29.481192,-112.026245,,17.475,-83.786545,-29.447039,-113.402344,3.3707
12.716666,-78.850723,-29.17021,-116.355301,,17.616667,-82.513901,-29.159079,-118.091911,4.054
12.808333,-76.833641,-28.863247,-120.152054,,17.791666,-80.190613,-28.770016,-123.599075,4.8125
12.908334,-74.3162,-28.507936,-124.082291,,17.858334,-79.058426,-28.606937,-125.565727,4.9698
12.916667,-74.09214,-28.475307,-124.39875,,17.950001,-77.323135,-28.362751,-128.14827,4.9508
12.925,-73.865936,-28.442719,-124.713486,,17.950001,-77.323135,-28.362751,-128.14827,4.874
12.975,-72.462463,-28.229847,-126.560364,,18.049999,-75.250511,-28.055534,-130.820084,5.094
13.008333,-71.480904,-28.078344,-127.749344,,18.049999,-75.250511,-28.055534,-130.820084,4.8621
13.041667,-70.468773,-27.918095,-128.907196,,18.141666,-73.20472,-27.720703,-133.126984,5.033
13.141666,-67.304016,-27.287451,-132.205292,,18.258333,-70.404716,-27.228901,-135.869522,4.8005
13.191667,-65.662796,-26.94211,-133.773865,,18.35,-67.902245,-26.801519,-137.95755,4.7474
13.266666,-63.129971,-26.460526,-136.044083,,18.4,-66.470482,-26.591608,-139.013519,4.4714
13.358334,-59.941139,-26.062698,-138.731567,,18.549999,-62.062389,-26.094221,-142.053024,3.9412
13.458333,-56.385143,-25.823771,-141.5737,,18.683332,-58.05933,-25.82469,-144.666519,3.5169
13.55,-53.075691,-25.667921,-144.10199,,18.825001,-53.533401,-25.633778,-146.989105,2.9234
13.65,-49.412708,-25.526745,-146.772964,,18.941668,-49.697166,-25.497141,-148.699753,1.9479
13.741667,-46.008163,-25.387419,-149.14093,,19.049999,-46.200794,-25.359669,-150.441406,1.315
13.841666,-42.246349,-25.192095,-151.634048,,19.141666,-43.318188,-25.211143,-152.066483,1.1559
13.933333,-38.759144,-24.951658,-153.835022,,19.233334,-40.447998,-25.038349,-153.703873,1.6962
14.008333,-35.881329,-24.696821,-155.57399,,19.325001,-37.589794,-24.806179,-155.335037,1.7286
14.025,-35.22382,-24.636114,-155.964645,,19.424999,-34.482307,-24.522406,-157.1082,1.3677
14.058333,-33.882481,-24.513847,-156.772385,,19.424999,-34.482307,-24.522406,-157.1082,0.6875
14.091666,-32.54821,-24.387384,-157.587189,,19.483334,-32.69965,-24.355328,-158.125534,0.5602
14.1,-32.215645,-24.355295,-157.791885,,19.483334,-32.69965,-24.355328,-158.125534,0.5879
14.108334,-31.883307,-24.323174,-157.996735,,19.483334,-32.69965,-24.355328,-158.125534,0.8271
14.208333,-27.867064,-23.957605,-160.424652,,19.65,-27.814501,-23.916307,-160.832962,0.4137
14.3,-24.086676,-23.643894,-162.514359,,19.775,-24.246746,-23.63114,-162.452698,0.172
14.4,-19.835699,-23.368279,-164.598969,,19.941668,-19.758825,-23.343637,-164.335602,0.2755
14.45,-17.668121,-23.250078,-165.572647,,20.025,-17.654226,-23.225662,-165.209381,0.3644
14.491667,-15.834012,-23.154469,-166.327637,,20.108334,-15.619626,-23.11919,-165.978195,0.4115
14.591666,-11.343849,-22.991526,-167.935974,,20.325001,-10.30675,-22.928244,-167.659531,1.0752
14.683333,-7.167447,-22.86207,-169.243057,,20.424999,-7.774546,-22.851322,-168.443054,1.0043
14.691667,-6.785487,-22.850914,-169.355087,,20.424999,-7.774546,-22.851322,-168.443054,1.3454
14.708333,-6.02051,-22.82827,-169.57576,,20.516666,-5.411889,-22.781822,-169.174332,0.7306
14.716666,-5.637491,-22.816925,-169.684402,,20.516666,-5.411889,-22.781822,-169.174332,0.5588
14.758333,-3.727335,-22.759993,-170.204681,,20.608334,-3.010408,-22.708431,-169.917419,0.7741
14.8,-1.834151,-22.695835,-170.686371,,20.700001,-0.571535,-22.622086,-170.67215,1.2648
14.841666,0.04221,-22.628807,-171.126953,,20.708334,-0.347956,-22.614092,-170.741333,0.5488
14.883333,1.900206,-22.554544,-171.529419,,20.808332,2.35709,-22.500105,-171.578796,0.4628
14.916667,3.372391,-22.478483,-171.82402,,20.808332,2.35709,-22.500105,-171.578796,1.0447
14.958333,5.195581,-22.378513,-172.155014,,20.9,4.871397,-22.362034,-172.356598,0.3821
15,6.998461,-22.25116,-172.439499,,20.991667,7.415013,-22.175083,-173.143784,0.8218
15.041667,8.781215,-22.113291,-172.675751,,20.991667,7.415013,-22.175083,-173.143784,1.4455
15.083333,10.542114,-21.959309,-172.863785,,21.083334,9.987675,-21.949492,-173.939896,1.2106
15.125,12.281131,-21.804079,-173.004532,,21.183332,12.826316,-21.67511,-174.8181,1.8981
15.166667,13.996131,-21.638828,-173.09993,,21.183332,12.826316,-21.67511,-174.8181,2.0789
15.208333,15.686753,-21.473536,-173.155655,,21.283333,15.701315,-21.372856,-175.685715,2.5321
15.25,17.351576,-21.303789,-173.177322,,21.283333,15.701315,-21.372856,-175.685715,3.0034
15.291667,18.990437,-21.134415,-173.170502,,21.358334,17.8941,-21.135422,-176.248169,3.2671
15.333333,20.603188,-20.967823,-173.140121,,21.450001,20.604994,-20.842815,-176.710999,3.5731
15.366667,21.874218,-20.835138,-173.099762,,21.450001,20.604994,-20.842815,-176.710999,3.8278
15.4,23.12747,-20.699041,-173.042374,,21.533333,23.070475,-20.601086,-176.855103,3.8144
15.441667,24.668972,-20.530077,-172.941818,,21.6,25.023825,-20.408543,-176.804428,3.8808
15.483334,26.183668,-20.378672,-172.809036,,21.691668,27.674328,-20.168184,-176.648346,4.1239
15.583333,29.753561,-20.025173,-172.368317,,21.783333,30.272375,-19.949772,-176.483688,4.1486
15.658334,32.415859,-19.773399,-171.921204,,21.875,32.814072,-19.741407,-176.320114,4.417
15.708333,34.171242,-19.602104,-171.554276,,21.941668,34.626278,-19.596449,-176.189194,4.6572
15.766666,36.190407,-19.386747,-171.041351,,22,36.182556,-19.469318,-176.024933,4.9843
15.833333,38.455715,-19.148533,-170.337845,,22.15,40.021118,-19.134523,-175.259766,5.1649
15.925,41.477226,-18.785254,-169.166351,,22.266666,42.822414,-18.869259,-174.364105,5.3697
16,43.868008,-18.513746,-168.046524,,22.450001,47.048412,-18.444994,-172.527588,5.4954
16.091667,46.657494,-18.184179,-166.460571,,22.549999,49.289223,-18.225813,-171.300476,5.5093
16.183332,49.27108,-17.897778,-164.625244,,22.733334,53.231022,-17.847248,-168.64389,5.6421
16.275,51.692402,-17.648613,-162.54129,,22.833334,55.269444,-17.662766,-166.978165,5.6992
16.366667,53.914318,-17.442095,-160.208801,,23.025,58.863941,-17.388956,-163.419586,5.9001
16.458334,55.916183,-17.304634,-157.647369,,23.116667,60.419773,-17.301805,-161.562805,5.9677
16.558332,57.817867,-17.196198,-154.617004,,23.308332,63.301098,-17.173502,-157.397995,6.1482
16.65,59.280956,-17.124559,-151.650925,,23.4,64.489189,-17.125902,-155.285507,6.3511
16.741667,60.448677,-17.044937,-148.549179,,23.583334,66.476135,-17.037651,-150.866333,6.4575
16.75,60.539661,-17.037125,-148.261841,,23.583334,66.476135,-17.037651,-150.866333,6.4827
16.841667,61.371197,-16.944525,-145.053955,,23.741667,67.8097,-16.930336,-146.645432,6.6323
16.941668,61.913246,-16.799223,-141.481552,,23.933332,68.662231,-16.753441,-141.109299,6.7594
17.041666,62.070877,-16.635031,-137.875626,,24.025,68.733353,-16.649029,-138.419495,6.6847
17.133333,61.880081,-16.48008,-134.604126,,24.208334,68.213066,-16.43074,-133.052292,6.5205
17.225,61.372932,-16.32197,-131.404892,,24.333334,67.356735,-16.289822,-129.461624,6.2915
17.316668,60.563843,-16.178732,-128.306671,,24.450001,66.246994,-16.151772,-126.203773,6.0598
17.416666,59.352818,-16.029917,-125.076027,,24.616667,64.130081,-15.982244,-121.830666,5.7755
17.508333,57.958336,-15.915059,-122.280128,,24.733334,62.149963,-15.880794,-119.108589,5.2564
17.6,56.318306,-15.822298,-119.664284,,24.858334,59.793594,-15.798638,-116.419121,4.7549
17.633333,55.664978,-15.794882,-118.76207,,24.908333,58.845192,-15.770006,-115.361656,4.6559
17.666666,54.984806,-15.765821,-117.886276,,24.958334,57.888668,-15.741897,-114.31929,4.5996
17.758333,53.009842,-15.708736,-115.60247,,25.033333,56.40554,-15.709929,-112.816612,4.3922
17.816668,51.696404,-15.677195,-114.23967,,25.125,54.463127,-15.675234,-111.145638,4.1506
17.825001,51.50563,-15.673667,-114.050674,,25.125,54.463127,-15.675234,-111.145638,4.1456
17.924999,48.879951,-15.637542,-111.663055,,25.316668,49.902603,-15.617573,-108.476929,3.3463
18.016666,46.283508,-15.593453,-109.694397,,25.441668,46.678425,-15.572678,-107.374298,2.3536
18.108334,43.528553,-15.547472,-107.943375,,25.541666,44.072239,-15.535893,-106.660675,1.3932
18.200001,40.635345,-15.480659,-106.421341,,25.633333,41.69978,-15.488441,-106.023216,1.1365
18.299999,37.343327,-15.39748,-105.035263,,25.816668,37.011208,-15.375209,-104.76268,0.4302
18.391666,34.222176,-15.324513,-104.025307,,25.916666,34.484863,-15.316055,-104.084175,0.2693
18.483334,31.024035,-15.244523,-103.273003,,26.091667,30.094187,-15.206394,-103.001068,0.9695
18.491667,30.7302,-15.237392,-103.217583,,26.091667,30.094187,-15.206394,-103.001068,0.6726
18.516666,29.845671,-15.215737,-103.064262,,26.091667,30.094187,-15.206394,-103.001068,0.2566
18.608334,26.564831,-15.1337,-102.594437,,26.191668,27.60771,-15.144281,-102.422638,1.057
18.658333,24.760548,-15.088611,-102.328918,,26.291666,25.129396,-15.081891,-101.847046,0.6069
18.666666,24.459278,-15.081189,-102.281265,,26.291666,25.129396,-15.081891,-101.847046,0.7985
18.741667,21.748299,-15.014564,-101.776566,,26.383333,22.857559,-15.025968,-101.319443,1.1998
18.833334,18.469034,-14.926649,-100.89016,,26.566668,18.31422,-14.904075,-100.264084,0.6453
18.875,17.006638,-14.890236,-100.3647,,26.616667,17.077202,-14.8728,-99.96727,0.404
18.908333,15.851168,-14.865958,-99.89373,,26.666666,15.849643,-14.846713,-99.64518,0.2493
18.916666,15.564197,-14.860005,-99.770401,,26.674999,15.647013,-14.842902,-99.588165,0.2009
19.008333,12.437536,-14.79457,-98.341682,,26.808332,12.466114,-14.776782,-98.618866,0.2792
19.1,9.319693,-14.749166,-96.878632,,26.950001,9.148919,-14.731521,-97.57737,0.7195
19.15,7.608945,-14.727626,-96.097198,,27.049999,6.771687,-14.704938,-96.831032,1.1136
19.225,5.011362,-14.692666,-95.018311,,27.141666,4.560993,-14.67777,-96.136978,1.206
19.316668,1.759335,-14.645054,-93.96257,,27.233334,2.32074,-14.646238,-95.433807,1.5747
19.366667,-0.050396,-14.619069,-93.544441,,27.325001,0.051326,-14.615189,-94.721107,1.1811
19.391666,-0.961571,-14.600564,-93.376175,,27.424999,-2.455886,-14.562637,-93.93499,1.5958
19.424999,-2.178095,-14.572782,-93.17421,,27.424999,-2.455886,-14.562637,-93.93499,0.81
19.516666,-5.503489,-14.491713,-92.581734,,27.525,-4.995335,-14.497746,-93.139297,0.7544
19.575001,-7.591027,-14.413932,-92.116959,,27.616667,-7.33488,-14.413534,-92.426224,0.4016
19.625,-9.359894,-14.344097,-91.660316,,27.708334,-9.653567,-14.317554,-91.725143,0.3019
19.700001,-11.977764,-14.186282,-90.897499,,27.808332,-12.180041,-14.153685,-90.961487,0.2146
19.799999,-15.39914,-13.893948,-89.747459,,27.950001,-15.7054,-13.829088,-89.843483,0.3274
19.891666,-18.500717,-13.738308,-88.631149,,28.033333,-17.731752,-13.742977,-89.223976,0.971
19.983334,-21.559784,-13.66835,-87.446854,,28.200001,-21.73103,-13.647178,-87.656418,0.2715
20.075001,-24.571842,-13.610021,-86.196289,,28.366667,-25.644667,-13.575689,-85.679695,1.1912
20.166666,-27.533775,-13.547522,-84.878082,,28.458334,-27.751747,-13.527483,-84.49926,0.4375
20.200001,-28.59704,-13.518863,-84.380257,,28.458334,-27.751747,-13.527483,-84.49926,0.8537
20.233334,-29.650862,-13.487819,-83.868698,,28.558332,-29.997925,-13.459438,-83.165314,0.7849
20.325001,-32.480438,-13.341774,-82.362473,,28.658333,-32.183819,-13.338404,-81.780945,0.6528
20.375,-33.974903,-13.240172,-81.473045,,28.733334,-33.770855,-13.214274,-80.695938,0.8039
20.441668,-35.890495,-12.983643,-80.201721,,28.825001,-35.593925,-12.912145,-79.297165,0.9546
20.508333,-37.716835,-12.685292,-78.830231,,28.908333,-37.067482,-12.639662,-77.961914,1.0852
20.6,-39.975483,-12.376459,-76.664131,,29.033333,-38.931583,-12.348814,-75.868195,1.313
20.691668,-41.645985,-12.128818,-74.04451,,29.174999,-40.534199,-12.102357,-73.438728,1.2664
20.791666,-42.65897,-11.942108,-70.840347,,29.366667,-41.873158,-11.913284,-69.894447,1.2301
20.883333,-42.795902,-11.874982,-67.784203,,29.458334,-41.928612,-11.875108,-67.992844,0.892
20.975,-42.176033,-11.886625,-64.811928,,29.583334,-41.258335,-11.870042,-65.478195,1.1342
21.049999,-41.14275,-11.977377,-62.574841,,29.683332,-40.270901,-11.945798,-63.626171,1.3662
21.141666,-39.343876,-12.147908,-60.263298,,29.866667,-37.845005,-12.169631,-60.705345,1.5628
21.208334,-37.706059,-12.276989,-58.916897,,29.958334,-36.382179,-12.307753,-59.526257,1.4577
21.216667,-37.484947,-12.292695,-58.771053,,29.958334,-36.382179,-12.307753,-59.526257,1.3367
21.283333,-35.638248,-12.424122,-57.730289,,30.058332,-34.676819,-12.444776,-58.407452,1.1761
21.316668,-34.682037,-12.483801,-57.264511,,30.058332,-34.676819,-12.444776,-58.407452,1.1436
21.35,-33.709084,-12.533731,-56.828194,,30.15,-33.085968,-12.533792,-57.371162,0.8265
21.441668,-30.965296,-12.647858,-55.755978,,30.291666,-30.570745,-12.638982,-55.733265,0.3953
21.541666,-27.87999,-12.715696,-54.781651,,30.424999,-28.073542,-12.693532,-54.290237,0.5286
21.633333,-24.98073,-12.775944,-54.068882,,30.608334,-24.278757,-12.76945,-52.913055,1.3523
21.691668,-23.108755,-12.802187,-53.707321,,30.641666,-23.550121,-12.779262,-52.758846,1.0464
21.741667,-21.494659,-12.82354,-53.451042,,30.766666,-20.764051,-12.817055,-52.308174,1.3565
21.816668,-19.062725,-12.85588,-53.142464,,30.858334,-18.68672,-12.845572,-52.002834,1.2001
21.916666,-15.799033,-12.898791,-52.83749,,30.950001,-16.584864,-12.873911,-51.694695,1.3871
22.008333,-12.786484,-12.938981,-52.64056,,31.141666,-12.11323,-12.935046,-51.03923,1.7371
22.1,-9.756636,-12.99158,-52.518162,,31.233334,-9.9386,-12.973948,-50.720829,1.8066
22.183332,-6.988945,-13.042232,-52.471901,,31.325001,-7.741234,-13.014479,-50.398594,2.2057
22.258333,-4.481243,-13.095964,-52.483658,,31.424999,-5.318512,-13.061326,-50.043507,2.58
22.275,-3.901986,-13.114175,-52.490513,,31.424999,-5.318512,-13.061326,-50.043507,2.8279
22.366667,-0.595953,-13.218478,-52.428482,,31.608334,-0.808089,-13.19536,-49.382553,3.0534
22.4,0.61265,-13.255732,-52.353107,,31.608334,-0.808089,-13.19536,-49.382553,3.2934
22.433332,1.824625,-13.298733,-52.25927,,31.700001,1.480155,-13.268648,-49.04723,3.2306
22.525,5.182263,-13.431079,-52.006783,,31.799999,3.995421,-13.366886,-48.678608,3.534
22.575001,7.030496,-13.504534,-51.897011,,31.924999,7.143841,-13.491025,-48.235432,3.6634
22.608334,8.268578,-13.55663,-51.826576,,31.924999,7.143841,-13.491025,-48.235432,3.7637
22.700001,11.670832,-13.701797,-51.663776,,32.133335,12.428955,-13.71668,-47.883968,3.8551
22.708334,11.977782,-13.714815,-51.653248,,32.133335,12.428955,-13.71668,-47.883968,3.7962
22.766666,14.114429,-13.806368,-51.602261,,32.233334,14.970141,-13.827203,-47.782707,3.9143
22.833334,16.530508,-13.910271,-51.566471,,32.283333,16.23905,-13.882415,-47.737103,3.8405
22.933332,20.146221,-14.050892,-51.557968,,32.466667,20.797215,-14.056387,-47.870529,3.7445
22.958334,21.050232,-14.080783,-51.572918,,32.466667,20.797215,-14.056387,-47.870529,3.7111
22.966667,21.351549,-14.09031,-51.579655,,32.466667,20.797215,-14.056387,-47.870529,3.7505
23.066668,24.96789,-14.202383,-51.610172,,32.650002,25.180088,-14.192084,-48.394821,3.2224
23.116667,26.775265,-14.258039,-51.551365,,32.75,27.506414,-14.259989,-48.684113,2.959
23.183332,29.1817,-14.318603,-51.396133,,32.841667,29.600012,-14.310133,-48.944321,2.4873
23.258333,31.882401,-14.383359,-51.138332,,32.933334,31.656193,-14.358856,-49.199715,1.9519
23.291666,33.080376,-14.412291,-51.001183,,32.983334,32.761959,-14.385088,-49.33709,1.6945
23.383333,36.365154,-14.472798,-50.546455,,33.166668,36.740158,-14.454368,-49.610214,1.0087
23.475,39.632465,-14.51572,-49.977898,,33.258335,38.677723,-14.479423,-49.560978,1.0424
23.566668,42.882923,-14.559803,-49.31958,,33.466667,43.0056,-14.537841,-49.009708,0.334
23.666666,46.40918,-14.600067,-48.509914,,33.633335,46.410339,-14.576413,-48.230125,0.2808
23.758333,49.617283,-14.634566,-47.686451,,33.825001,50.271278,-14.618541,-47.121414,0.8644
23.799999,51.06287,-14.650921,-47.287579,,33.825001,50.271278,-14.618541,-47.121414,0.8095
23.833334,52.212639,-14.667113,-46.955399,,33.916668,52.096138,-14.642994,-46.520351,0.451
23.866667,53.355137,-14.684973,-46.607742,,34.008335,53.905231,-14.672508,-45.873528,0.9175
23.958334,56.447735,-14.746866,-45.544098,,34.133335,56.363541,-14.725268,-44.915558,0.6345
24.058332,59.720421,-14.868261,-44.183422,,34.241665,58.741489,-14.811468,-44.052837,0.9892
24.125,61.834873,-14.988678,-43.16074,,34.333332,60.781925,-14.913139,-43.321838,1.0679
24.174999,63.38018,-15.094826,-42.330734,,34.424999,62.824673,-15.041585,-42.527191,0.5916
24.25,65.618378,-15.258162,-40.969147,,34.566666,65.970512,-15.255284,-41.144382,0.3933
24.341667,68.195877,-15.484684,-39.102768,,34.691666,68.677513,-15.473396,-39.679283,0.7513
24.441668,70.769417,-15.724469,-36.805614,,34.816666,71.144562,-15.677386,-37.784348,1.0492
24.541666,73.066368,-15.949285,-34.261368,,34.941666,73.267296,-15.889328,-35.461517,1.2183
24.633333,74.906876,-16.115732,-31.736526,,35.083332,75.525909,-16.079702,-32.657185,1.11
24.725,76.479393,-16.240213,-29.056814,,35.208332,77.400528,-16.208902,-30.090685,1.385
24.816668,77.770638,-16.329275,-26.250628,,35.391666,79.594635,-16.336454,-25.981483,1.8438
24.883333,78.528,-16.379961,-24.147612,,35.483334,80.393196,-16.383307,-23.79051,1.8991
24.975,79.319061,-16.442492,-21.170502,,35.575001,80.981033,-16.428495,-21.533834,1.7013
24.983334,79.376732,-16.448366,-20.894506,,35.575001,80.981033,-16.428495,-21.533834,1.7271
25.075001,79.849167,-16.509039,-17.810863,,35.758335,81.506241,-16.513645,-16.904711,1.8887
25.174999,80.015556,-16.571571,-14.388243,,35.858334,81.421242,-16.558399,-14.362254,1.406
25.183332,80.012794,-16.576977,-14.102248,,35.858334,81.421242,-16.558399,-14.362254,1.4324
25.200001,79.998711,-16.588034,-13.516954,,35.858334,81.421242,-16.558399,-14.362254,1.655
25.299999,79.441078,-16.655878,-9.997596,,36.041668,80.588486,-16.639006,-9.77845,1.1683
25.391666,78.14193,-16.715677,-7.035103,,36.133335,79.851067,-16.687208,-7.566162,1.79
25.483334,76.17688,-16.785454,-4.510722,,36.325001,77.652359,-16.768349,-3.220685,1.96
25.575001,73.657845,-16.818142,-2.592929,,36.416668,76.307503,-16.78743,-1.315226,2.9418
25.608334,72.642113,-16.82382,-2.059599,,36.508335,74.788597,-16.80327,0.45466,3.306
25.641666,71.591026,-16.827183,-1.604919,,36.508335,74.788597,-16.80327,0.45466,3.8035
25.733334,68.587334,-16.829357,-0.678753,,36.700001,71.11216,-16.814548,3.649245,5.0106
25.825001,65.486702,-16.822767,-0.168606,,36.791668,69.147484,-16.813808,4.906054,6.2573
25.883333,63.489624,-16.816511,-0.057024,,36.883335,67.072868,-16.810408,5.971605,7.0131
25.933332,61.776688,-16.811005,-0.077743,,36.983334,64.7061,-16.805456,6.904798,7.5721
25.991667,59.786667,-16.804436,-0.156503,,37.166668,60.175228,-16.794226,7.9628,8.1286
26.066668,57.246902,-16.798277,-0.37128,,37.275002,57.480885,-16.788389,8.185019,8.5595
26.166666,53.923405,-16.79266,-0.969202,,37.5,51.854248,-16.771477,7.910676,9.1178
26.258333,50.988503,-16.789902,-1.888142,,37.650002,48.258095,-16.744743,7.13099,9.4235
26.35,48.20713,-16.788763,-3.15472,,37.933334,42.758377,-16.73247,4.392322,9.3086
26.375,47.479809,-16.788595,-3.555997,,37.983334,41.970348,-16.732216,3.803782,9.1937
26.408333,46.523159,-16.788481,-4.109784,,38.058334,40.871235,-16.733793,2.882608,8.9912
26.441668,45.570477,-16.788366,-4.665339,,38.150002,39.590267,-16.740427,1.69053,8.7271
26.541666,42.67662,-16.788023,-6.236245,,38.299999,37.509716,-16.74382,-0.276743,7.8876
26.591667,41.200893,-16.787851,-6.947024,,38.458332,35.421551,-16.750614,-2.461442,7.3159
26.65,39.460121,-16.787651,-7.717718,,38.549999,34.235451,-16.754597,-3.747988,6.5618
26.725,37.202194,-16.78739,-8.632621,,38.641666,33.050358,-16.759108,-5.035467,5.4935
26.816668,34.426735,-16.787069,-9.661915,,38.733334,31.854464,-16.763187,-6.334999,4.2054
26.916666,31.39015,-16.786718,-10.694586,,38.916668,29.388819,-16.770033,-9.009392,2.6164
27.008333,28.602079,-16.786396,-11.562421,,39.033333,27.750368,-16.769735,-10.743337,1.1818
27.025,28.09486,-16.786339,-11.712159,,39.041668,27.628292,-16.769699,-10.865104,0.9672
27.116667,25.283188,-16.786203,-12.497478,,39.208332,24.949581,-16.769682,-13.103867,0.6923
27.208334,22.412203,-16.786705,-13.223149,,39.299999,23.267216,-16.769905,-14.095927,1.2219
27.241667,21.353424,-16.787106,-13.470284,,39.391666,21.456249,-16.770233,-14.880445,1.414
27.275,20.286329,-16.787441,-13.704938,,39.391666,21.456249,-16.770233,-14.880445,1.6586
27.366667,17.305702,-16.786457,-14.254256,,39.558334,17.910316,-16.770998,-15.725099,1.5903
27.458334,14.259708,-16.787905,-14.62801,,39.733334,13.9306,-16.772432,-15.75175,1.171
27.558332,10.875241,-16.791521,-14.822152,,39.858334,10.994732,-16.773544,-15.40935,0.5995
27.566668,10.590783,-16.791725,-14.827974,,39.858334,10.994732,-16.773544,-15.40935,0.7082
27.641666,7.877888,-16.792974,-14.797166,,39.950001,8.78653,-16.774363,-15.13037,0.968
27.691668,6.075064,-16.793203,-14.649873,,40.049999,6.323167,-16.775246,-14.818671,0.3006
27.766666,3.403285,-16.793106,-14.18387,,40.183334,2.954896,-16.77639,-14.373703,0.4872
27.799999,2.236288,-16.793018,-13.87969,,40.183334,2.954896,-16.77639,-14.373703,0.8722
27.85,0.509511,-16.792921,-13.340641,,40.258335,1.032185,-16.777002,-14.033747,0.8682
27.883333,-0.629095,-16.792875,-12.942949,,40.341667,-1.100664,-16.777639,-13.489499,0.722
27.891666,-0.912222,-16.792866,-12.839246,,40.341667,-1.100664,-16.777639,-13.489499,0.6772
27.9,-1.194664,-16.792856,-12.733693,,40.349998,-1.312466,-16.7777,-13.423104,0.6996
27.991667,-4.251362,-16.792791,-11.448398,,40.508335,-5.294781,-16.778656,-11.89914,1.1367
28.083334,-7.195506,-16.792761,-9.92305,,40.608334,-7.826481,-16.779182,-10.856298,1.1266
28.183332,-10.253281,-16.792746,-7.990912,,40.700001,-10.174261,-16.779659,-9.888321,1.8991
28.258333,-12.426835,-16.792746,-6.367009,,40.841667,-13.852133,-16.780373,-8.369874,2.4583
28.266666,-12.661434,-16.792746,-6.177593,,40.841667,-13.852133,-16.780373,-8.369874,2.4948
28.316668,-14.060195,-16.792746,-5.030244,,40.891666,-15.15756,-16.780619,-7.812098,2.9905
28.383333,-15.951396,-16.792746,-3.533061,,40.966667,-17.081299,-16.78076,-6.906009,3.5572
28.458334,-18.12636,-16.792746,-1.910352,,41.049999,-19.110628,-16.780443,-5.766493,3.9798
28.558332,-21.085756,-16.792746,0.17093,,41.233334,-23.289232,-16.778982,-3.101666,3.9453
28.625,-23.084337,-16.792677,1.508989,,41.275002,-24.209036,-16.778585,-2.508251,4.1717
28.700001,-25.355524,-16.792521,2.957169,,41.441666,-27.895826,-16.777906,-0.127407,3.996
28.799999,-28.418819,-16.79224,4.793291,,41.525002,-29.724529,-16.777372,1.103051,3.9145
28.891666,-31.253056,-16.791948,6.391414,,41.683334,-33.129192,-16.755919,3.517827,3.432
28.983334,-34.108868,-16.791636,7.910128,,41.833332,-36.169346,-16.743015,5.675159,3.0402
29.075001,-36.984089,-16.791321,9.349334,,41.941666,-38.221149,-16.739807,7.116193,2.5534
29.174999,-40.140339,-16.790977,10.828522,,42.091667,-40.853249,-16.743979,8.963051,1.9976
29.208334,-41.197212,-16.790863,11.298938,,42.183334,-42.351906,-16.754164,10.017197,1.7256
29.241667,-42.257935,-16.790749,11.75419,,42.275002,-43.847424,-16.765133,11.071275,1.7302
29.333334,-45.204235,-16.790426,12.898731,,42.375,-45.521049,-16.770996,12.252018,0.7204
29.433332,-48.469223,-16.790077,13.936784,,42.508335,-47.862087,-16.770378,13.811078,0.6203
29.466667,-49.567299,-16.789961,14.232211,,42.591667,-49.437748,-16.770508,14.677481,0.4641
29.475,-49.842453,-16.78993,14.302098,,42.599998,-49.600544,-16.770531,14.757684,0.5162
29.516666,-51.221558,-16.789785,14.627685,,42.691666,-51.451992,-16.770906,15.551348,0.9522
29.608334,-54.294273,-16.789671,15.208252,,42.783333,-53.404751,-16.771452,16.170332,1.3104
29.625,-54.860359,-16.789715,15.293971,,42.875,-55.432545,-16.771877,16.599989,1.426
29.641666,-55.442753,-16.78978,15.3767,,42.875,-55.432545,-16.771877,16.599989,1.2235
29.733334,-58.74342,-16.792353,15.691372,,43.058334,-59.590816,-16.772194,16.855564,1.4401
29.783333,-60.55191,-16.792639,15.728214,,43.150002,-61.680943,-16.772329,16.676203,1.4744
29.858334,-63.257771,-16.792719,15.544339,,43.25,-63.937889,-16.772472,16.246946,0.9781
29.950001,-66.490509,-16.792725,14.823843,,43.341667,-65.963783,-16.772604,15.642074,0.9733
30.049999,-69.782768,-16.790955,13.3402,,43.491665,-69.141945,-16.772821,14.237385,1.1027
30.058332,-70.041092,-16.790848,13.184688,,43.583332,-70.997856,-16.772974,13.17818,0.957
30.1,-71.287529,-16.789761,12.337486,,43.583332,-70.997856,-16.772974,13.17818,0.8894
30.133333,-72.229774,-16.79587,11.584921,,43.674999,-72.792336,-16.781107,12.000092,0.6993
30.166666,-73.126328,-16.81296,10.778504,,43.674999,-72.792336,-16.781107,12.000092,1.2668
30.241667,-75.015366,-16.881233,8.832243,,43.791668,-74.992828,-16.821892,10.325812,1.4949
30.291666,-76.206642,-16.947374,7.4722,,43.883335,-76.774063,-16.895191,8.75065,1.3997
30.325001,-76.983681,-17.004974,6.551431,,43.983334,-78.56926,-17.000813,6.853441,1.6141
30.4,-78.754303,-17.154692,4.500422,,44.083332,-80.215401,-17.139385,4.798193,1.4912
30.491667,-81.13105,-17.31859,2.194896,,44.158333,-81.403961,-17.245436,3.202494,1.0465
30.575001,-83.517303,-17.456205,0.358829,,44.308334,-83.854874,-17.464886,0.017151,0.4804
30.583334,-83.766365,-17.468845,0.189296,,44.308334,-83.854874,-17.464886,0.017151,0.1936
30.616667,-84.770218,-17.523735,-0.477181,,44.308334,-83.854874,-17.464886,0.017151,1.042
30.65,-85.776459,-17.585926,-1.139441,,44.400002,-85.465858,-17.613859,-1.885002,0.8082
30.741667,-88.49778,-17.744543,-3.028851,,44.525002,-87.838089,-17.776119,-4.416708,1.537
30.791666,-89.933235,-17.830988,-4.126669,,44.558334,-88.518883,-17.815699,-5.062159,1.6958
30.825001,-90.866714,-17.914463,-4.873926,,44.591667,-89.2211,-17.860523,-5.691896,1.8385
30.9,-92.901161,-18.190443,-6.560339,,44.683334,-91.201218,-18.069223,-7.407833,1.9034
30.991667,-95.349762,-18.615438,-8.696515,,44.775002,-93.221695,-18.336582,-9.134251,2.1904
31.083334,-97.763351,-19.024881,-10.921647,,44.883335,-95.645775,-18.731915,-11.210146,2.1571
31.183332,-100.316925,-19.482285,-13.410904,,45.033333,-99.063644,-19.315178,-14.166778,1.4731
31.275,-102.579712,-19.918875,-15.738779,,45.174999,-102.109917,-19.914568,-17.255524,1.5878
31.308332,-103.377151,-20.105862,-16.597183,,45.174999,-102.109917,-19.914568,-17.255524,1.4408
31.341667,-104.159492,-20.278278,-17.468868,,45.266666,-103.828049,-20.340117,-19.471584,2.0309
31.391666,-105.303398,-20.508944,-18.801044,,45.266666,-103.828049,-20.340117,-19.471584,1.6293
31.441668,-106.394043,-20.789827,-20.1602,,45.358334,-105.310356,-20.794106,-21.845051,2.0033
31.516666,-107.909737,-21.174225,-22.283161,,45.400002,-105.876602,-21.029461,-22.955231,2.1462
31.533333,-108.225014,-21.264397,-22.766821,,45.441666,-106.374146,-21.272289,-24.066397,2.2616
31.625,-109.822975,-21.787088,-25.523117,,45.508335,-107.037025,-21.651989,-25.838846,2.807
31.716667,-111.015282,-22.477325,-28.51409,,45.633335,-107.505249,-22.41189,-29.139145,3.5659
31.816668,-111.438042,-23.164682,-31.996204,,45.716667,-107.186287,-22.851715,-31.220152,4.3333
31.916666,-110.874084,-23.780638,-35.465599,,45.825001,-106.192238,-23.367325,-33.605667,5.0547
32.008335,-109.522202,-24.30024,-38.395943,,45.916668,-105.057022,-23.81304,-35.342785,5.4311
32.041668,-108.856445,-24.439646,-39.37352,,45.950001,-104.591385,-23.974821,-35.931236,5.5006
32.075001,-108.108307,-24.549467,-40.293884,,45.950001,-104.591385,-23.974821,-35.931236,5.6331
32.083332,-107.910912,-24.578169,-40.515659,,46.041668,-103.228722,-24.347258,-37.485893,5.5817
32.133335,-106.663628,-24.753937,-41.793953,,46.041668,-103.228722,-24.347258,-37.485893,5.5248
32.183334,-105.326775,-24.891264,-42.997429,,46.174999,-101.236946,-24.81555,-39.720757,5.2411
32.258335,-103.215866,-25.06122,-44.694427,,46.266666,-99.857079,-25.053698,-41.277412,4.7914
32.325001,-101.287857,-25.217087,-46.136162,,46.358334,-98.456245,-25.256134,-42.86594,4.326
32.333332,-101.045212,-25.236332,-46.314186,,46.358334,-98.456245,-25.256134,-42.86594,4.312
32.424999,-98.438667,-25.443441,-48.353809,,46.541668,-95.599327,-25.53598,-46.082458,3.6372
32.450001,-97.762299,-25.503067,-48.951641,,46.541668,-95.599327,-25.53598,-46.082458,3.5933
32.458332,-97.540497,-25.523724,-49.154915,,46.541668,-95.599327,-25.53598,-46.082458,3.6343
32.549999,-94.918793,-25.790993,-51.816269,,46.733334,-92.478424,-25.845213,-49.630009,3.2769
32.641666,-92.536087,-26.111393,-54.739456,,46.866665,-90.24485,-26.137091,-52.210629,3.4125
32.733334,-90.417549,-26.555422,-57.891418,,47.083332,-87.043053,-26.756186,-56.913162,3.5192
32.825001,-88.595749,-27.128864,-61.250229,,47.166668,-85.993477,-27.050938,-58.891182,3.5133
32.916668,-87.093376,-27.893894,-64.767288,,47.358334,-83.790298,-27.966825,-64.570984,3.3097
33.008335,-85.896271,-28.54933,-68.447708,,47.466667,-82.975418,-28.456823,-67.993263,2.9574
33.058334,-85.379128,-28.806173,-70.516373,,47.558334,-82.470795,-28.797281,-70.952003,2.9408
33.125,-84.847298,-29.099497,-73.325523,,47.608334,-82.21875,-28.950737,-72.576118,2.7373
33.158333,-84.646965,-29.218988,-74.750664,,47.683334,-81.916893,-29.170643,-75.028572,2.7446
33.191666,-84.48642,-29.336613,-76.186378,,47.683334,-81.916893,-29.170643,-75.028572,2.8232
33.241665,-84.308594,-29.49621,-78.356796,,47.775002,-81.784554,-29.399378,-78.052826,2.5441
33.291668,-84.192505,-29.645565,-80.543518,,47.849998,-81.934662,-29.580315,-80.528679,2.2588
33.299999,-84.178337,-29.669079,-80.90937,,47.883335,-82.072639,-29.656057,-81.624146,2.2237
33.375,-84.106552,-29.872293,-84.217422,,48.008335,-82.766731,-29.916307,-85.716782,2.0113
33.466667,-84.129189,-30.065939,-88.293755,,48.108334,-83.358978,-30.069239,-88.99633,1.0425
33.474998,-84.136101,-30.081179,-88.665894,,48.108334,-83.358978,-30.069239,-88.99633,0.8445
33.491665,-84.149979,-30.110899,-89.429489,,48.108334,-83.358978,-30.069239,-88.99633,0.9028
33.583332,-84.125595,-30.202726,-93.743912,,48.233334,-84.101921,-30.174623,-93.107101,0.6379
33.674999,-83.800377,-30.168327,-98.06102,,48.349998,-84.665031,-30.164095,-96.967644,1.394
33.766666,-83.140419,-30.036667,-102.337402,,48.533333,-84.882454,-29.99188,-103.085014,1.8962
33.858334,-82.157906,-29.824417,-106.529724,,48.625,-84.702904,-29.848799,-106.13636,2.5753
33.950001,-80.861084,-29.56291,-110.614784,,48.808334,-83.782089,-29.515841,-112.167595,3.3084
34.041668,-79.258995,-29.282112,-114.570091,,48.900002,-83.043861,-29.334587,-115.122757,3.8254
34.133335,-77.360611,-28.994312,-118.373352,,49.091667,-80.920662,-28.935652,-121.112556,4.4923
34.174999,-76.404663,-28.852938,-120.045341,,49.091667,-80.920662,-28.935652,-121.112556,4.6411
34.183334,-76.206596,-28.824385,-120.375214,,49.091667,-80.920662,-28.935652,-121.112556,4.7727
34.216667,-75.392273,-28.713726,-121.67997,,49.183334,-79.63694,-28.732475,-123.861801,4.7726
34.25,-74.541237,-28.591927,-122.956917,,49.275002,-78.188179,-28.504353,-126.520432,5.0997
34.341667,-72.048088,-28.218153,-126.339882,,49.375,-76.427658,-28.232241,-129.306137,5.2896
34.433334,-69.385162,-27.762115,-129.552322,,49.5,-73.821793,-27.79949,-132.760086,5.4749
34.525002,-66.579376,-27.169373,-132.582962,,49.683334,-69.294441,-26.993483,-137.275223,5.424
34.575001,-64.993011,-26.816833,-134.16069,,49.733334,-67.940445,-26.775953,-138.375641,5.1434
34.633335,-63.088421,-26.449102,-135.943756,,49.791668,-66.319527,-26.538996,-139.612198,4.8893
34.708332,-60.566994,-26.119238,-138.173721,,49.883335,-63.736153,-26.22369,-141.522964,4.6121
34.783333,-57.986488,-25.902569,-140.340698,,50.008335,-60.130299,-25.9284,-144.041519,4.277
34.875,-54.765408,-25.740932,-142.901657,,50.091667,-57.593529,-25.793875,-145.521866,3.8557
34.950001,-52.07143,-25.628595,-144.909836,,50.183334,-54.714264,-25.669317,-146.99823,3.3686
35.041668,-48.72411,-25.498259,-147.277802,,50.375,-48.657482,-25.445391,-150.070343,2.7938
35.133335,-45.330025,-25.357134,-149.566742,,50.466667,-45.750271,-25.32453,-151.544785,2.0225
35.233334,-41.580929,-25.156969,-151.974625,,50.558334,-42.838806,-25.17066,-153.021576,1.6366
35.308334,-38.741772,-24.953154,-153.717758,,50.650002,-39.92487,-24.979136,-154.499008,1.418
35.325001,-38.092926,-24.900568,-154.109421,,50.650002,-39.92487,-24.979136,-154.499008,1.8746
35.358334,-36.770634,-24.785965,-154.920517,,50.75,-36.750191,-24.716396,-156.108673,1.1904
35.391666,-35.457264,-24.662214,-155.740723,,50.75,-36.750191,-24.716396,-156.108673,1.3454
35.466667,-32.517422,-24.384567,-157.599182,,50.875,-32.793537,-24.36194,-158.11351,0.5842
35.558334,-28.881868,-24.047518,-159.799194,,51.008335,-28.562492,-23.993401,-160.196671,0.5128
35.625,-26.184048,-23.809668,-161.329681,,51.083332,-26.205601,-23.79381,-161.27832,0.0579
35.691666,-23.425007,-23.597115,-162.76944,,51.166668,-23.669605,-23.601479,-162.428345,0.4198
35.783333,-19.531139,-23.354031,-164.585297,,51.341667,-18.584488,-23.285723,-164.734375,0.9607
35.833332,-17.36915,-23.235882,-165.510208,,51.341667,-18.584488,-23.285723,-164.734375,1.4427
35.891666,-14.80379,-23.112257,-166.498718,,51.483334,-14.444809,-23.080698,-166.604553,0.3756
35.983334,-10.687684,-22.97014,-167.859161,,51.591667,-11.197102,-22.963068,-167.930069,0.5144
36.008335,-9.55414,-22.93322,-168.20137,,51.633335,-9.94646,-22.920101,-168.350876,0.42
36.016666,-9.175491,-22.921618,-168.313095,,51.666668,-8.95202,-22.889263,-168.645172,0.4016
36.108334,-4.982855,-22.799532,-169.450912,,51.799999,-4.958712,-22.772303,-169.662949,0.2151
36.158333,-2.673254,-22.729202,-169.985947,,51.891666,-2.205452,-22.684687,-170.337936,0.5871
36.208332,-0.349794,-22.648357,-170.456772,,51.983334,0.547575,-22.587128,-171.012421,1.0572
36.25,1.577674,-22.576838,-170.803619,,51.983334,0.547575,-22.587128,-171.012421,1.0511
36.291668,3.484154,-22.484226,-171.113419,,52.075001,3.299231,-22.45702,-171.686447,0.6027
36.333332,5.368619,-22.382336,-171.392227,,52.166668,6.048754,-22.290724,-172.360641,1.1869
36.366665,6.858823,-22.279896,-171.594849,,52.166668,6.048754,-22.290724,-172.360641,1.1148
36.408333,8.700756,-22.142092,-171.820755,,52.258335,8.795363,-22.077339,-173.033203,1.2179
36.450001,10.518626,-21.986977,-172.015167,,52.258335,8.795363,-22.077339,-173.033203,2.0035
36.491665,12.312825,-21.827723,-172.18042,,52.358334,11.788371,-21.803423,-173.765747,1.67
36.533333,14.082077,-21.658274,-172.319717,,52.450001,14.521045,-21.526316,-174.434387,2.1638
36.575001,15.826373,-21.485081,-172.437103,,52.450001,14.521045,-21.526316,-174.434387,2.3864
36.616665,17.545244,-21.30706,-172.53421,,52.558334,17.710337,-21.186979,-175.186279,2.6599
36.658333,19.238914,-21.128756,-172.611725,,52.625,19.667063,-20.974501,-175.546234,2.9696
36.700001,20.907505,-20.953392,-172.670227,,52.625,19.667063,-20.974501,-175.546234,3.1322
36.733334,22.22385,-20.812174,-172.703598,,52.716667,22.351364,-20.690861,-175.868607,3.1699
36.766666,23.52313,-20.665545,-172.722717,,52.716667,22.351364,-20.690861,-175.868607,3.3571
36.799999,24.806295,-20.523239,-172.724426,,52.808334,25.012211,-20.422556,-176.015823,3.2994
36.841667,26.388266,-20.362242,-172.69603,,52.900002,27.624971,-20.181679,-175.997391,3.53
36.883335,27.944221,-20.215162,-172.627014,,52.900002,27.624971,-20.181679,-175.997391,3.3856
36.924999,29.469942,-20.055893,-172.511215,,52.991665,30.176117,-19.955297,-175.824341,3.389
37,32.152138,-19.799929,-172.173141,,53.083332,32.65694,-19.751358,-175.501236,3.3665
37.041668,33.625507,-19.663431,-171.904846,,53.174999,35.057381,-19.548231,-175.038284,3.447
37.075001,34.791801,-19.541592,-171.648361,,53.174999,35.057381,-19.548231,-175.038284,3.4003
37.150002,37.378021,-19.273195,-170.953995,,53.266666,37.36982,-19.33861,-174.446686,3.4933
37.224998,39.901516,-18.991629,-170.102356,,53.450001,41.711735,-18.907856,-172.905472,3.3379
37.316666,42.874851,-18.635721,-168.825607,,53.583332,44.673504,-18.589443,-171.498047,3.2217
37.408333,45.699638,-18.310474,-167.280762,,53.691666,47.158272,-18.327761,-170.051315,3.1311
37.450001,46.92466,-18.16502,-166.490463,,53.783333,49.157219,-18.100674,-168.629593,3.0926
37.466667,47.404186,-18.109222,-166.160141,,53.783333,49.157219,-18.100674,-168.629593,3.0284
37.541668,49.496944,-17.882456,-164.57402,,53.900002,51.536621,-17.849018,-166.573502,2.8565
37.633335,51.89418,-17.633074,-162.407379,,54,53.426147,-17.649801,-164.590378,2.667
37.733334,54.273533,-17.415661,-159.766479,,54.183334,56.465389,-17.368568,-160.463257,2.3004
37.825001,56.220093,-17.281319,-157.116653,,54.283333,57.856632,-17.262094,-157.966766,1.8443
37.916668,57.914417,-17.188122,-154.271973,,54.383335,59.106377,-17.184565,-155.348557,1.6062
38.008335,59.326328,-17.116545,-151.273285,,54.533333,60.993607,-17.093836,-151.334946,1.6686
38.016666,59.439861,-17.109859,-150.994049,,54.533333,60.993607,-17.093836,-151.334946,1.5908
38.108334,60.521637,-17.027807,-147.861343,,54.650002,62.340973,-17.008432,-148.091904,1.834
38.141666,60.838554,-16.997477,-146.698166,,54.683334,62.672943,-16.98595,-147.134399,1.8856
38.233334,61.515083,-16.881496,-143.454559,,54.775002,63.4627,-16.899868,-144.441071,2.1833
38.308334,61.858627,-16.766193,-140.766037,,54.875,64.132851,-16.774536,-141.426331,2.3682
38.400002,62.001087,-16.616886,-137.477921,,55.016666,64.7248,-16.596045,-137.089066,2.7514
38.5,61.793209,-16.446751,-133.937485,,55.091667,64.838684,-16.497095,-134.774002,3.1587
38.591667,61.274666,-16.290543,-130.767822,,55.275002,64.386368,-16.246269,-129.134491,3.5146
38.683334,60.457661,-16.153379,-127.699814,,55.375,63.675854,-16.125704,-126.130653,3.5805
38.775002,59.353863,-16.018154,-124.763206,,55.483334,62.564293,-15.998119,-123.001282,3.6622
38.875,57.842777,-15.89547,-121.739624,,55.575001,61.413006,-15.908392,-120.459351,3.7929
38.908333,57.272907,-15.859475,-120.778465,,55.666668,60.110756,-15.831842,-118.012573,3.9629
38.941666,56.67363,-15.831024,-119.840988,,55.666668,60.110756,-15.831842,-118.012573,3.8932
38.974998,56.048668,-15.805737,-118.926361,,55.700001,59.602402,-15.811995,-117.147362,3.9742
39.049999,54.571896,-15.747003,-116.9487,,55.791668,58.105873,-15.754617,-114.845299,4.1126
39.058334,54.402794,-15.741617,-116.735718,,55.791668,58.105873,-15.754617,-114.845299,4.1577
39.150002,52.259617,-15.692683,-114.23941,,55.983334,54.424633,-15.672476,-110.527176,4.2975
39.241665,49.908199,-15.652506,-111.932297,,56.075001,52.436665,-15.644206,-108.719597,4.0884
39.283333,48.768623,-15.633573,-110.958633,,56.166668,50.32299,-15.615603,-107.092064,4.1673
39.375,46.118801,-15.586978,-108.993057,,56.258335,48.099709,-15.584583,-105.652969,3.8833
39.466667,43.308048,-15.54035,-107.255814,,56.400002,44.477901,-15.52882,-103.834816,3.6155
39.558334,40.347672,-15.472705,-105.783058,,56.508335,41.568573,-15.471889,-102.857346,3.1702
39.650002,37.255577,-15.395739,-104.603973,,56.633335,38.162758,-15.40248,-102.011742,2.7464
39.75,33.77766,-15.313873,-103.618179,,56.733334,35.453354,-15.340206,-101.381737,2.7947
39.841667,30.533096,-15.233343,-102.916565,,56.875,31.651388,-15.247759,-100.506432,2.657
39.858334,29.943258,-15.219059,-102.791687,,56.941666,29.867201,-15.206741,-100.147003,2.6458
39.950001,26.686111,-15.137985,-102.102501,,57.025002,27.630131,-15.150808,-99.823158,2.4671
40.033333,23.693577,-15.063762,-101.467537,,57.125,24.952789,-15.082839,-99.543777,2.2993
40.041668,23.392948,-15.056476,-101.40242,,57.216667,22.517012,-15.019371,-99.305038,2.2732
40.099998,21.286234,-15.002594,-100.920387,,57.216667,22.517012,-15.019371,-99.305038,2.0309
40.174999,18.588276,-14.929337,-100.179817,,57.400002,17.70253,-14.880411,-98.840477,1.6065
40.208332,17.400846,-14.898348,-99.788612,,57.400002,17.70253,-14.880411,-98.840477,0.9951
40.241665,16.221582,-14.871213,-99.360687,,57.450001,16.403763,-14.845643,-98.713425,0.6729
40.25,15.927794,-14.864128,-99.249046,,57.450001,16.403763,-14.845643,-98.713425,0.7168
40.258335,15.634286,-14.858229,-99.135872,,57.491665,15.344554,-14.825272,-98.593285,0.616
40.358334,12.124476,-14.787033,-97.724884,,57.650002,11.390924,-14.76088,-97.818962,0.74
40.450001,8.914689,-14.744222,-96.410919,,57.766666,8.55689,-14.724531,-96.916191,0.6194
40.508335,6.879925,-14.718099,-95.579758,,57.858334,6.329648,-14.697721,-96.160515,0.8003
40.558334,5.13449,-14.693619,-94.887421,,57.950001,4.061145,-14.66641,-95.388695,1.1849
40.633335,2.492043,-14.653371,-93.944908,,58.041668,1.751325,-14.633656,-94.602669,0.9908
40.733334,-1.10391,-14.59212,-92.996727,,58.133335,-0.598847,-14.59704,-93.802887,0.9513
40.766666,-2.319006,-14.563646,-92.775848,,58.233334,-3.206052,-14.531651,-92.91655,0.8987
40.799999,-3.536228,-14.535557,-92.582176,,58.233334,-3.206052,-14.531651,-92.91655,0.4699
40.891666,-6.863546,-14.435752,-92.014282,,58.358334,-6.545742,-14.426747,-91.847687,0.3589
40.941666,-8.656127,-14.367599,-91.633224,,58.450001,-9.087023,-14.329644,-91.24305,0.5825
41,-10.725119,-14.268322,-91.127411,,58.516666,-10.983036,-14.233799,-90.945175,0.3177
41.075001,-13.348425,-14.071069,-90.398689,,58.608334,-13.615442,-14.008736,-90.610596,0.3465
41.166668,-16.506023,-13.828375,-89.40593,,58.700001,-16.255005,-13.726548,-90.270378,0.9059
41.258335,-19.636421,-13.711658,-88.368187,,58.816666,-19.56535,-13.600641,-89.939415,1.5767
41.358334,-23.002829,-13.638638,-87.157066,,58.966667,-23.642284,-13.610621,-89.394829,2.3275
41.416668,-24.941496,-13.602746,-86.412933,,59.041668,-25.649208,-13.573086,-88.875572,2.5625
41.450001,-26.039709,-13.581782,-85.972847,,59.075001,-26.531866,-13.552717,-88.594688,2.6678
41.483334,-27.128983,-13.556774,-85.51786,,59.166668,-28.931814,-13.489192,-87.695267,2.8277
41.558334,-29.538174,-13.490808,-84.422951,,59.216667,-30.222239,-13.454996,-87.131973,2.7943
41.608334,-31.102942,-13.422805,-83.625481,,59.291668,-32.117199,-13.374778,-86.181351,2.7502
41.683334,-33.373753,-13.291118,-82.314651,,59.383335,-34.302288,-13.250227,-84.856094,2.7061
41.775002,-35.980385,-12.98514,-80.503273,,59.566666,-38.092319,-12.798336,-81.721642,2.4453
41.875,-38.591297,-12.579873,-78.272522,,59.658333,-39.68784,-12.584964,-79.958488,2.0112
41.916668,-39.605083,-12.440046,-77.267075,,59.75,-41.07666,-12.36884,-78.09201,1.6885
42.008335,-41.555664,-12.178026,-74.826141,,59.841667,-42.272758,-12.178772,-76.119263,1.4786
42.108334,-42.924747,-11.95962,-71.738441,,60.025002,-44.063866,-11.87802,-71.928772,1.1578
42.200001,-43.392323,-11.859409,-68.699303,,60.125,-44.69463,-11.781526,-69.551315,1.5582
42.291668,-43.085995,-11.846581,-65.66143,,60.325001,-45.055058,-11.716719,-64.498413,2.2906
42.383335,-42.037037,-11.932045,-62.81707,,60.416668,-44.433731,-11.792018,-62.164528,2.4879
42.483334,-40.136627,-12.11249,-60.141647,,60.575001,-42.265751,-12.026372,-58.609562,2.6245
42.575001,-37.818993,-12.28736,-58.251633,,60.758335,-38.722389,-12.301993,-55.274158,3.1115
42.616665,-36.626034,-12.368133,-57.605217,,60.758335,-38.722389,-12.301993,-55.274158,3.1357
42.625,-36.379211,-12.384921,-57.493011,,60.758335,-38.722389,-12.301993,-55.274158,3.2281
42.674999,-34.86179,-12.481632,-56.906857,,60.858334,-36.438431,-12.446269,-53.86731,3.4243
42.708332,-33.828171,-12.532996,-56.569721,,60.916668,-35.014324,-12.512554,-53.200897,3.5716
42.741665,-32.782635,-12.579936,-56.26619,,60.916668,-35.014324,-12.512554,-53.200897,3.7922
42.791668,-31.199614,-12.640094,-55.863667,,61.008335,-32.701496,-12.604678,-52.311085,3.8572
42.841667,-29.603752,-12.678877,-55.512592,,61.108334,-30.188156,-12.673461,-51.362114,4.1914
42.916668,-27.194271,-12.729166,-55.062416,,61.200001,-27.902285,-12.720368,-50.500336,4.6167
43.008335,-24.233416,-12.785907,-54.604969,,61.291668,-25.634251,-12.761459,-49.645508,5.1536
43.108334,-20.98678,-12.829773,-54.196838,,61.400002,-22.963583,-12.796444,-48.680519,5.8599
43.200001,-17.98831,-12.869677,-53.898899,,61.566666,-18.778666,-12.852189,-47.64642,6.3023
43.291668,-14.969942,-12.909497,-53.67432,,61.733334,-14.538136,-12.906719,-47.299171,6.3898
43.383335,-11.93385,-12.952259,-53.524097,,61.825001,-12.208452,-12.937466,-47.174088,6.356
43.483334,-8.603905,-13.012964,-53.445656,,61.916668,-9.87884,-12.978087,-47.049881,6.5217
43.575001,-5.537364,-13.069145,-53.452972,,62.108334,-5.007986,-13.070738,-46.789707,6.6843
43.666668,-2.448123,-13.159061,-53.536823,,62.200001,-2.678945,-13.139366,-46.665508,6.8752
43.674999,-2.165387,-13.167727,-53.548306,,62.200001,-2.678945,-13.139366,-46.665508,6.902
43.691666,-1.580517,-13.185612,-53.571018,,62.200001,-2.678945,-13.139366,-46.665508,6.9925
43.783333,1.758424,-13.296493,-53.598652,,62.341667,0.920747,-13.24901,-46.480717,7.1672
43.816666,2.979805,-13.344964,-53.550636,,62.408333,2.616007,-13.312567,-46.440495,7.1195
43.849998,4.204563,-13.393059,-53.477398,,62.5,4.945037,-13.403734,-46.532925,6.9838
43.941666,7.586624,-13.527551,-53.25309,,62.658333,8.93679,-13.567019,-47.061062,6.3376
43.991665,9.417422,-13.605687,-53.157093,,62.75,11.241904,-13.665726,-47.409996,6.03
44.075001,12.434925,-13.733381,-52.998528,,62.841667,13.546923,-13.765141,-47.759369,5.356
44.166668,15.744716,-13.87517,-52.832005,,62.933334,15.851972,-13.865489,-48.108295,4.7249
44.174999,16.045755,-13.888156,-52.820221,,62.983334,17.11067,-13.919876,-48.289146,4.6546
44.224998,17.85224,-13.965492,-52.755337,,63.049999,18.794676,-13.987157,-48.487278,4.3709
44.258335,19.056644,-14.012072,-52.709198,,63.049999,18.794676,-13.987157,-48.487278,4.2301
44.358334,22.671057,-14.130773,-52.585846,,63.233334,23.440495,-14.138987,-48.890747,3.7744
44.375,23.273737,-14.149408,-52.574051,,63.233334,23.440495,-14.138987,-48.890747,3.6871
44.383335,23.5751,-14.158741,-52.569416,,63.233334,23.440495,-14.138987,-48.890747,3.6812
44.466667,26.588005,-14.251542,-52.493553,,63.325001,25.737394,-14.210737,-49.081551,3.5167
44.516666,28.393549,-14.298806,-52.389145,,63.416668,27.996868,-14.273814,-49.269478,3.1449
44.591667,31.095928,-14.363309,-52.149902,,63.508335,30.218981,-14.326636,-49.453979,2.8352
44.683334,34.388054,-14.44142,-51.75383,,63.700001,34.743763,-14.430166,-49.829906,1.9566
44.775002,37.669022,-14.4892,-51.270279,,63.791668,36.84996,-14.45807,-50.005001,1.5076
44.875,41.233562,-14.536599,-50.650974,,63.966667,40.766644,-14.508831,-50.328331,0.5682
44.966667,44.485443,-14.578153,-49.999577,,64.14167,44.555061,-14.555534,-50.417011,0.4238
45.058334,47.720467,-14.612659,-49.26873,,64.26667,47.17585,-14.582397,-50.189613,1.0703
45.091667,48.892139,-14.625257,-48.982861,,64.366669,49.260933,-14.60429,-49.975464,1.0591
45.125,50.058865,-14.637848,-48.683781,,64.366669,49.260933,-14.60429,-49.975464,1.5186
45.216667,53.22678,-14.680629,-47.764175,,64.574997,53.604218,-14.65968,-49.524208,1.8002
45.308334,56.317474,-14.737833,-46.668522,,64.75,57.210812,-14.724497,-48.875271,2.3808
45.358334,57.964638,-14.790456,-45.993137,,64.841667,59.05341,-14.777408,-48.333656,2.5814
45.416668,59.84499,-14.859754,-45.129013,,64.933334,60.857738,-14.846858,-47.677048,2.742
45.458332,61.155266,-14.926943,-44.456497,,65.025002,62.616497,-14.929002,-46.907753,2.8537
45.491665,62.182648,-14.990764,-43.886482,,65.116669,64.321861,-15.030076,-46.028214,3.0273
45.583332,64.91851,-15.177989,-42.19453,,65.208336,65.970284,-15.130673,-45.045975,3.0396
45.674999,67.524086,-15.394447,-40.344086,,65.39167,69.064789,-15.365694,-42.782597,2.8846
45.724998,68.887665,-15.518049,-39.271492,,65.491669,70.624947,-15.497544,-41.388832,2.7389
45.791668,70.629913,-15.669526,-37.762409,,65.583336,71.970337,-15.611657,-40.021637,2.6276
45.866665,72.467445,-15.848348,-35.95116,,65.76667,74.387604,-15.854896,-37.046345,2.2105
45.958332,74.505753,-16.02449,-33.565388,,65.908333,76.115074,-16.017883,-34.350491,1.7906
46.049999,76.289436,-16.176064,-31.005648,,66,77.088699,-16.125917,-32.420395,1.6257
46.141666,77.801125,-16.276236,-28.296192,,66.183334,78.569855,-16.266806,-28.2887,0.7688
46.233334,79.029663,-16.357243,-25.467501,,66.275002,79.060219,-16.326822,-26.114361,0.6483
46.325001,79.966011,-16.417557,-22.548853,,66.458336,79.50528,-16.419102,-21.622101,1.035
46.416668,80.604889,-16.478544,-19.570652,,66.566666,79.387115,-16.472143,-18.920328,1.3806
46.508335,80.943253,-16.530613,-16.562759,,66.64167,79.153549,-16.496658,-17.048105,1.8547
46.608334,80.970009,-16.591404,-13.253662,,66.741669,78.637718,-16.478302,-14.593413,2.6921
46.616665,80.956078,-16.596703,-12.976135,,66.791664,78.275391,-16.449873,-13.432389,2.7232
46.650002,80.875031,-16.616774,-11.864687,,66.791664,78.275391,-16.449873,-13.432389,3.0403
46.666668,80.816833,-16.626141,-11.290236,,66.841667,77.84549,-16.394943,-12.329844,3.1564
46.758335,80.093384,-16.69002,-8.101408,,66.941666,76.809967,-16.281395,-10.309933,3.9781
46.858334,78.450882,-16.753962,-4.974681,,67.074997,75.13723,-16.153418,-8.03012,4.5472
46.950001,76.266479,-16.798285,-2.627738,,67.241669,72.832649,-16.29888,-5.745914,4.6651
47.008335,74.607948,-16.815969,-1.461487,,67.333336,71.563751,-16.456556,-4.550414,4.3518
47.041668,73.590584,-16.821922,-0.914878,,67.383331,70.863846,-16.55183,-3.907909,4.0579
47.075001,72.536934,-16.825802,-0.446989,,67.458336,69.777603,-16.68623,-2.984512,3.7513
47.166668,69.522614,-16.829775,0.514407,,67.550003,68.350868,-16.77282,-1.976361,2.7532
47.258335,66.407211,-16.825283,1.057934,,67.741669,65.002182,-16.804083,-0.41345,2.0346
47.349998,63.248768,-16.816105,1.18954,,67.833336,63.241093,-16.795958,0.036053,1.1537
47.400002,61.525673,-16.810795,1.100974,,67.925003,61.408821,-16.788965,0.266116,0.8433
47.458332,59.519905,-16.804506,0.93734,,68.01667,59.534016,-16.782831,0.266192,0.6716
47.533333,56.965496,-16.798693,0.604949,,68.150002,56.792244,-16.777224,-0.155581,0.7803
47.625,53.911556,-16.79351,-0.079955,,68.308334,53.55727,-16.772886,-1.098253,1.0784
47.716667,50.980228,-16.790634,-1.119887,,68.400002,51.659771,-16.771639,-1.686469,0.885
47.808334,48.216766,-16.789404,-2.504909,,68.583336,47.792133,-16.771276,-2.886331,0.5711
47.825001,47.734783,-16.789253,-2.790629,,68.583336,47.792133,-16.771276,-2.886331,0.113
47.858334,46.781586,-16.789101,-3.376236,,68.675003,45.822708,-16.771667,-3.497316,0.9666
47.891666,45.832497,-16.788986,-3.963676,,68.675003,45.822708,-16.771667,-3.497316,0.4668
47.983334,43.191113,-16.788671,-5.500663,,68.76667,43.830112,-16.772085,-4.115478,1.5256
48.033333,41.721684,-16.7885,-6.27067,,68.866669,41.633072,-16.772482,-4.79706,1.4764
48.091667,39.986729,-16.788296,-7.112073,,68.958336,39.606766,-16.772703,-5.425683,1.7287
48.166668,37.734241,-16.788033,-8.119953,,69.066666,37.203892,-16.772926,-6.190326,2.0012
48.258335,34.962822,-16.787712,-9.264931,,69.191666,34.480728,-16.77314,-7.25692,2.0651
48.358334,31.92725,-16.787361,-10.423953,,69.375,30.623671,-16.7729,-9.068372,1.8807
48.450001,29.136868,-16.787041,-11.406931,,69.48333,28.411831,-16.772326,-10.120143,1.4771
48.491665,27.866642,-16.786894,-11.828728,,69.574997,26.547956,-16.77195,-11.006558,1.5541
48.5,27.612482,-16.786865,-11.911216,,69.574997,26.547956,-16.77195,-11.006558,1.3971
48.525002,26.849785,-16.786777,-12.154884,,69.574997,26.547956,-16.77195,-11.006558,1.1874
48.558334,25.829443,-16.786673,-12.470266,,69.666664,24.651939,-16.771881,-11.910439,1.3039
48.591667,24.799723,-16.786648,-12.773333,,69.666664,24.651939,-16.771881,-11.910439,0.8756
48.683334,21.913843,-16.787025,-13.513515,,69.824997,21.299807,-16.775522,-13.506757,0.6142
48.775002,18.94997,-16.787445,-14.087299,,69.900002,19.661823,-16.775814,-14.23999,0.7281
48.875,15.640308,-16.787857,-14.512815,,70.066666,15.808192,-16.775169,-15.517964,1.0192
48.966667,12.548648,-16.788052,-14.709071,,70.166664,13.366043,-16.775389,-15.978793,1.5101
49.025002,10.558174,-16.790459,-14.733931,,70.258331,11.066284,-16.775816,-16.182291,1.535
49.041668,9.9711,-16.790945,-14.727592,,70.258331,11.066284,-16.775816,-16.182291,1.8209
49.049999,9.66962,-16.791391,-14.722547,,70.349998,8.729124,-16.776291,-16.168474,1.725
49.099998,7.862552,-16.793783,-14.640611,,70.383331,7.874108,-16.776459,-16.108526,1.4681
49.150002,6.063471,-16.795095,-14.453128,,70.449997,6.162442,-16.776787,-15.908183,1.4585
49.200001,4.282537,-16.794399,-14.137436,,70.541664,3.824299,-16.776962,-15.490382,1.4285
49.233334,3.110038,-16.79409,-13.855196,,70.541664,3.824299,-16.776962,-15.490382,1.7845
49.283333,1.373488,-16.794577,-13.34853,,70.633331,1.512043,-16.777044,-14.929815,1.5874
49.349998,-0.911338,-16.793856,-12.575553,,70.758331,-1.558139,-16.776873,-13.952267,1.5212
49.358334,-1.194856,-16.793785,-12.472925,,70.76667,-1.758661,-16.776854,-13.878699,1.5147
49.450001,-4.268818,-16.793251,-11.22926,,70.866669,-4.120619,-16.776579,-12.916928,1.6942
49.541668,-7.235768,-16.792982,-9.748757,,71.050003,-8.355912,-16.778307,-10.717105,1.4808
49.633335,-10.071883,-16.792849,-8.030883,,71.175003,-11.257574,-16.77952,-8.85543,1.4443
49.724998,-12.757393,-16.792788,-6.086032,,71.26667,-13.397574,-16.779789,-7.477319,1.5316
49.733334,-12.992897,-16.792784,-5.897743,,71.26667,-13.397574,-16.779789,-7.477319,1.6306
49.783333,-14.394593,-16.792768,-4.753981,,71.333336,-14.988382,-16.779961,-6.513436,1.857
49.858334,-16.522444,-16.792751,-3.069962,,71.400002,-16.596657,-16.780144,-5.563255,2.4944
49.950001,-19.182283,-16.792746,-1.088746,,71.599998,-21.198801,-16.780758,-2.288812,2.3466
50.041668,-21.893679,-16.792746,0.821361,,71.675003,-22.794775,-16.78124,-0.835999,1.8865
50.075001,-22.890011,-16.79273,1.49821,,71.758331,-24.505581,-16.781809,0.887018,1.7274
50.108334,-23.891579,-16.79269,2.162697,,71.758331,-24.505581,-16.781809,0.887018,1.4158
50.183334,-26.172081,-16.792542,3.598718,,71.883331,-27.187944,-16.782677,3.436097,1.0288
50.258335,-28.48917,-16.792337,4.949615,,71.974998,-29.356586,-16.783251,5.132615,0.8866
50.358334,-31.61618,-16.792027,6.643166,,72.074997,-31.952999,-16.783817,6.711372,0.3438
50.450001,-34.50597,-16.791719,8.107807,,72.166664,-34.461716,-16.784389,8.004986,0.1122
50.541668,-37.413734,-16.791405,9.492322,,72.258331,-36.996433,-16.784672,9.277875,0.4692
50.633335,-40.337234,-16.79109,10.796799,,72.349998,-39.531765,-16.784695,10.549538,0.8426
50.733334,-43.541973,-16.790747,12.128526,,72.491669,-43.457005,-16.784695,12.500723,0.3818
50.766666,-44.613968,-16.790632,12.549669,,72.491669,-43.457005,-16.784695,12.500723,1.158
50.799999,-45.689117,-16.790514,12.95554,,72.566666,-45.573597,-16.784695,13.451659,0.5094
50.891666,-48.67017,-16.790194,13.963449,,72.666664,-48.485043,-16.784695,14.496093,0.5639
50.916668,-49.489826,-16.790106,14.206714,,72.708336,-49.718975,-16.784695,14.869692,0.7015
50.924999,-49.76363,-16.790077,14.284657,,72.708336,-49.718975,-16.784695,14.869692,0.5868
50.974998,-51.412033,-16.789902,14.71908,,72.800003,-52.443562,-16.784695,15.65811,1.3949
51.066666,-54.477303,-16.789787,15.371789,,72.849998,-53.935452,-16.784695,16.06769,0.882
51.108334,-55.894436,-16.789934,15.607654,,72.925003,-56.193951,-16.784695,16.599907,1.0365
51.125,-56.477791,-16.79002,15.694232,,72.925003,-56.193951,-16.784695,16.599907,0.9491
51.174999,-58.273754,-16.791693,15.910317,,73.01667,-58.997337,-16.784695,17.022226,1.3266
51.233334,-60.380905,-16.792511,16.021954,,73.01667,-58.997337,-16.784695,17.022226,1.7073
51.308334,-63.089188,-16.792704,15.883903,,73.116669,-62.077663,-16.784603,17.105724,1.5862
51.400002,-66.326431,-16.792725,15.18591,,73.300003,-67.582985,-16.784122,16.196644,1.6126
51.5,-69.621582,-16.792725,13.709276,,73.39167,-70.182327,-16.783827,15.249638,1.6393
51.508335,-69.879936,-16.792725,13.553808,,73.39167,-70.182327,-16.783827,15.249638,1.7226
51.541668,-70.885246,-16.792656,12.88788,,73.491669,-72.84156,-16.784653,13.870243,2.1891
51.575001,-71.84742,-16.795931,12.160916,,73.491669,-72.84156,-16.784653,13.870243,1.9774
51.650002,-73.882614,-16.826668,10.367456,,73.583336,-75.080246,-16.803902,12.314232,2.2858
51.700001,-75.161827,-16.874956,9.089104,,73.633331,-76.220505,-16.826372,11.371213,2.5162
51.758335,-76.605385,-16.950415,7.551006,,73.724998,-78.255096,-16.898685,9.561657,2.6013
51.808334,-77.823837,-17.039103,6.21642,,73.816666,-80.303871,-16.997515,7.709805,2.8953
51.900002,-80.133492,-17.208172,3.843155,,73.908333,-82.379829,-17.114714,5.829664,3.0002
51.991665,-82.693047,-17.364239,1.742151,,74,-84.478874,-17.24684,3.932302,2.8284
52.008335,-83.183556,-17.391184,1.392294,,74,-84.478874,-17.24684,3.932302,2.8549
52.041668,-84.175163,-17.443659,0.707547,,74.091667,-86.557808,-17.382355,2.05283,2.7369
52.133335,-86.884186,-17.611261,-1.198904,,74.175003,-88.41095,-17.463659,0.352335,2.1815
52.183334,-88.321777,-17.700012,-2.293588,,74.224998,-89.475334,-17.423462,-0.657082,2.0212
52.241665,-89.943466,-17.774134,-3.630346,,74.308334,-91.205048,-17.414858,-2.230261,1.9186
52.275002,-90.837471,-17.842075,-4.395275,,74.349998,-92.052757,-17.520449,-2.955264,1.9115
52.316666,-91.929161,-17.982286,-5.331568,,74.39167,-92.8815,-17.690014,-3.639904,1.9632
52.408333,-94.254623,-18.394312,-7.343368,,74.51667,-95.215981,-18.298811,-5.545259,2.0412
52.5,-96.524818,-18.796881,-9.45643,,74.64167,-97.356689,-18.812361,-7.264838,2.3442
52.591667,-98.754395,-19.187796,-11.65844,,74.791664,-99.82267,-19.245575,-9.272637,2.6147
52.683334,-100.93573,-19.590302,-13.934468,,74.974998,-102.691216,-19.765602,-12.150101,2.5093
52.775002,-103.066475,-20.031483,-16.27717,,75.158333,-105.274223,-20.288601,-15.519357,2.3483
52.841667,-104.573936,-20.366018,-18.030283,,75.25,-106.438538,-20.540493,-17.357346,1.99
52.875,-105.320061,-20.516895,-18.919661,,75.25,-106.438538,-20.540493,-17.357346,1.9216
52.908333,-106.053864,-20.694704,-19.816917,,75.341667,-107.489334,-20.851667,-19.272711,1.5432
52.958332,-107.11554,-20.985046,-21.188547,,75.433334,-108.426544,-21.105324,-21.269934,1.319
52.966667,-107.288277,-21.024618,-21.421329,,75.433334,-108.426544,-21.105324,-21.269934,1.1511
53.025002,-108.456001,-21.331585,-23.082315,,75.525002,-109.253365,-21.424501,-23.324371,0.8385
53.091667,-109.701607,-21.704908,-25.062511,,75.616669,-109.952232,-21.757786,-25.442125,0.4579
53.183334,-111.082672,-22.358257,-27.991335,,75.708336,-110.523605,-22.224703,-27.596209,0.6975
53.275002,-111.742851,-23.007046,-31.150702,,75.866669,-111.213959,-23.08584,-31.664583,0.7416
53.375,-111.537872,-23.622234,-34.665497,,76,-111.338142,-23.713049,-35.284485,0.6567
53.466667,-110.509888,-24.112259,-37.730488,,76.074997,-111.11145,-23.997751,-37.325359,0.7342
53.508335,-109.804085,-24.335474,-39.025875,,76.166664,-110.466042,-24.340397,-39.758175,0.9872
53.516666,-109.646378,-24.370697,-39.276524,,76.166664,-110.466042,-24.340397,-39.758175,0.9512
53.549999,-108.963074,-24.482847,-40.246925,,76.166664,-110.466042,-24.340397,-39.758175,1.5868
53.583332,-108.209381,-24.589741,-41.167206,,76.258331,-109.341957,-24.544155,-42.02441,1.4211
53.633335,-106.985428,-24.763796,-42.474255,,76.316666,-108.395073,-24.689068,-43.331009,1.6513
53.691666,-105.455086,-24.91221,-43.917866,,76.383331,-107.137962,-24.821709,-44.686928,1.8525
53.766666,-103.400162,-25.078682,-45.682777,,76.541664,-103.776268,-25.098331,-47.53273,1.8879
53.791668,-102.703773,-25.135437,-46.257481,,76.541664,-103.776268,-25.098331,-47.53273,1.6667
53.799999,-102.470772,-25.154865,-46.447941,,76.541664,-103.776268,-25.098331,-47.53273,1.6983
53.833332,-101.540054,-25.232079,-47.211372,,76.633331,-101.800591,-25.253859,-49.112732,1.9193
53.841667,-101.309845,-25.250813,-47.405266,,76.633331,-101.800591,-25.253859,-49.112732,1.7766
53.891666,-99.784042,-25.378521,-48.751705,,76.64167,-101.621742,-25.268133,-49.255772,1.9088
53.966667,-97.586899,-25.580187,-50.901917,,76.741669,-99.116096,-25.478079,-51.260593,1.574
54.058334,-95.083069,-25.872297,-53.746326,,76.925003,-94.472633,-25.968214,-54.98148,1.3811
54.150002,-92.82785,-26.214664,-56.83255,,76.974998,-93.201385,-26.118412,-56.013733,0.9051
54.25,-90.695961,-26.823935,-60.436844,,77.116669,-89.756813,-26.769039,-59.13512,1.6061
54.341667,-89.082504,-27.600727,-63.924915,,77.208336,-87.789482,-27.222128,-61.425339,2.8396
54.433334,-87.800476,-28.417437,-67.581894,,77.39167,-84.792213,-28.283953,-66.65522,3.1506
54.483334,-87.235512,-28.730213,-69.648628,,77.491669,-83.727531,-28.681944,-69.807587,3.5119
54.549999,-86.623405,-29.061644,-72.458603,,77.583336,-83.138466,-28.996655,-72.818832,3.5041
54.583332,-86.382339,-29.183681,-73.886063,,77.583336,-83.138466,-28.996655,-72.818832,3.42
54.616665,-86.181473,-29.305477,-75.324692,,77.675003,-82.924385,-29.262581,-75.897652,3.3074
54.666668,-85.940361,-29.474525,-77.501152,,77.73333,-82.988701,-29.412775,-77.869598,2.9752
54.716667,-85.761909,-29.623262,-79.696434,,77.800003,-83.2173,-29.580091,-80.121834,2.5803
54.724998,-85.737282,-29.646524,-80.063881,,77.800003,-83.2173,-29.580091,-80.121834,2.5215
54.799999,-85.570389,-29.849104,-83.387955,,77.89167,-83.638855,-29.79071,-83.224609,1.9393
54.891666,-85.47464,-30.047609,-87.48719,,77.991669,-84.119873,-29.981146,-86.629333,1.6049
54.941666,-85.462517,-30.131617,-89.737213,,78.083336,-84.563416,-30.108685,-89.768188,0.8999
54.958332,-85.461525,-30.151831,-90.50769,,78.083336,-84.563416,-30.108685,-89.768188,1.1642
55.049999,-85.352882,-30.202068,-94.85659,,78.258331,-85.31942,-30.17766,-95.808945,0.9533
55.141666,-84.939461,-30.144199,-99.198524,,78.324997,-85.434822,-30.142389,-98.133446,1.1746
55.233334,-84.186905,-29.998537,-103.481071,,78.508331,-85.165047,-29.93104,-104.543388,1.4456
55.325001,-83.102501,-29.785965,-107.670486,,78.599998,-84.731941,-29.779924,-107.731735,1.6306
55.416668,-81.698608,-29.520403,-111.742409,,78.691666,-84.102699,-29.603592,-110.892441,2.5513
55.508335,-79.988319,-29.24662,-115.67675,,78.875,-82.265907,-29.211157,-117.06871,2.6695
55.608334,-77.790367,-28.921991,-119.784164,,78.966667,-81.069824,-29.006617,-120.051308,3.2914
55.641666,-76.984215,-28.80933,-121.105774,,79.058334,-79.695541,-28.789085,-122.945816,3.2768
55.650002,-76.777069,-28.782684,-121.432442,,79.058334,-79.695541,-28.789085,-122.945816,3.2875
55.724998,-74.804573,-28.51786,-124.288902,,79.150002,-78.148819,-28.556473,-125.741631,3.6464
55.758335,-73.866119,-28.387024,-125.506966,,79.241669,-76.438354,-28.299358,-128.427383,3.8927
55.791668,-72.896599,-28.242733,-126.695145,,79.275002,-75.778091,-28.192991,-129.374191,3.9348
55.883335,-70.104454,-27.801775,-129.831116,,79.383331,-73.334175,-27.791807,-132.495132,4.1867
55.933334,-68.522202,-27.489574,-131.461105,,79.474998,-71.031754,-27.380497,-134.932724,4.2851
55.991665,-66.632477,-27.106266,-133.303497,,79.566666,-68.543495,-26.933493,-137.160385,4.3078
56.066666,-64.148155,-26.589241,-135.592407,,79.658333,-65.883255,-26.523252,-139.175293,3.9815
56.116665,-62.45203,-26.341322,-137.08667,,79.724998,-63.84388,-26.282602,-140.501083,3.6877
56.150002,-61.309013,-26.190044,-138.068359,,79.775002,-62.27272,-26.126989,-141.432907,3.5004
56.208332,-59.27549,-25.993729,-139.748184,,79.849998,-59.883083,-25.948151,-142.78418,3.0965
56.283333,-56.608906,-25.825809,-141.839233,,79.925003,-57.492828,-25.813375,-144.140839,2.4655
56.375,-53.289856,-25.672287,-144.301559,,80.066666,-52.961121,-25.621433,-146.692444,2.4139
56.466667,-49.923382,-25.54314,-146.683533,,80.158333,-50.019207,-25.512909,-148.338547,1.6581
56.558334,-46.513199,-25.405636,-148.989487,,80.25,-47.080097,-25.396933,-149.983871,1.1447
56.650002,-43.061874,-25.233482,-151.217865,,80.35833,-43.627522,-25.228012,-151.9431,0.9198
56.75,-39.254372,-24.988726,-153.558273,,80.474998,-40.048367,-24.999273,-154.165039,0.9994
56.766666,-38.601246,-24.936373,-153.950333,,80.51667,-38.816097,-24.897425,-154.94249,1.0159
56.799999,-37.270229,-24.825466,-154.762375,,80.558334,-37.593903,-24.791241,-155.68602,0.9793
56.833332,-35.948708,-24.703264,-155.584061,,80.599998,-36.374195,-24.677256,-156.381134,0.9039
56.916668,-32.661255,-24.393105,-157.650375,,80.716667,-32.951443,-24.373362,-158.012924,0.4648
57.008335,-28.997858,-24.054024,-159.843124,,80.841667,-29.399885,-24.069292,-159.471298,0.5478
57.108334,-24.889977,-23.7043,-162.080521,,81.025002,-24.571943,-23.678862,-161.432205,0.7226
57.200001,-21.015526,-23.43301,-163.968185,,81.199997,-20.371712,-23.388487,-163.139175,1.0506
57.25,-18.862125,-23.317766,-164.934448,,81.300003,-18.010847,-23.259609,-164.079636,1.2078
57.291668,-17.040806,-23.217014,-165.684326,,81.349998,-16.81559,-23.193546,-164.510788,1.1952
57.383335,-12.953252,-23.048203,-167.156982,,81.508331,-12.901335,-23.032738,-165.667923,1.49
57.450001,-9.940517,-22.944992,-168.124161,,81.599998,-10.567945,-22.95126,-166.313293,1.9165
57.458332,-9.561887,-22.933355,-168.239059,,81.691666,-8.194359,-22.874641,-166.969666,1.8668
57.549999,-5.364954,-22.810694,-169.39682,,81.783333,-5.78094,-22.804066,-167.63681,1.8085
57.616665,-2.287334,-22.715994,-170.100021,,81.966667,-0.839582,-22.646942,-169.001938,1.8184
57.658333,-0.380536,-22.648941,-170.473251,,81.974998,-0.61147,-22.638783,-169.064957,1.4271
57.700001,1.507862,-22.578608,-170.802307,,82.066666,1.917173,-22.543123,-169.763779,1.1168
57.741665,3.375217,-22.48798,-171.093643,,82.158333,4.47894,-22.412838,-170.471527,1.2692
57.783333,5.220474,-22.388624,-171.353485,,82.158333,4.47894,-22.412838,-170.471527,1.1525
57.825001,7.0414,-22.262968,-171.586411,,82.25,7.070896,-22.239399,-171.187881,0.4003
57.866665,8.838262,-22.128174,-171.796036,,82.341667,9.688352,-22.029848,-171.910812,0.8634
57.908333,10.610074,-21.976173,-171.982101,,82.341667,9.688352,-22.029848,-171.910812,0.926
57.950001,12.357995,-21.821625,-172.142212,,82.433334,12.320231,-21.785526,-172.637512,0.498
57.991665,14.081079,-21.657118,-172.275009,,82.525002,14.954797,-21.515606,-173.364868,1.404
58.033333,15.779368,-21.48934,-172.383667,,82.525002,14.954797,-21.515606,-173.364868,1.2819
58.075001,17.45223,-21.316761,-172.470917,,82.616669,17.554928,-21.234682,-174.083023,1.6175
58.116665,19.099781,-21.143539,-172.538361,,82.666664,18.958427,-21.078814,-174.46698,1.9349
58.158333,20.72217,-20.973396,-172.587067,,82.691666,19.657682,-21.001089,-174.652008,2.3233
58.191666,22.001644,-20.837568,-172.611298,,82.75,21.288067,-20.820398,-175.043549,2.5348
58.224998,23.264019,-20.696682,-172.618835,,82.841667,23.848719,-20.548433,-175.521347,2.9645
58.266666,24.818676,-20.523684,-172.598633,,82.841667,23.848719,-20.548433,-175.521347,3.0796
58.308334,26.348124,-20.368158,-172.541336,,82.933334,26.396784,-20.291185,-175.831451,3.2914
58.358334,28.148647,-20.195101,-172.419113,,83.025002,28.908285,-20.06468,-175.982529,3.6458
58.416668,30.232695,-19.977011,-172.190231,,83.116669,31.368687,-19.855751,-175.981491,3.9597
58.466667,32.011272,-19.810854,-171.913437,,83.116669,31.368687,-19.855751,-175.981491,4.1187
58.5,33.187145,-19.701153,-171.687973,,83.208336,33.768661,-19.662413,-175.832275,4.1851
58.575001,35.79665,-19.42697,-171.070435,,83.300003,36.09967,-19.463829,-175.547882,4.4878
58.625,37.509941,-19.248442,-170.583618,,83.39167,38.382664,-19.270344,-175.128128,4.6276
58.700001,40.024513,-18.960249,-169.721405,,83.491669,40.816948,-19.044132,-174.520981,4.8653
58.791668,42.984978,-18.608122,-168.427292,,83.650002,44.549541,-18.678686,-173.254623,5.075
58.883335,45.79221,-18.278624,-166.862534,,83.833336,48.747849,-18.260759,-171.28862,5.3223
58.900002,46.283508,-18.219925,-166.549332,,83.833336,48.747849,-18.260759,-171.28862,5.3419
59,49.118759,-17.900522,-164.487671,,84.01667,52.765572,-17.879347,-168.79097,5.6408
59.091667,51.530243,-17.646494,-162.32457,,84.125,55.025852,-17.678225,-167.068268,5.8926
59.183334,53.734543,-17.439562,-159.915436,,84.308334,58.578453,-17.409935,-163.784103,6.1993
59.275002,55.710526,-17.297358,-157.281296,,84.458336,61.321651,-17.26354,-160.596542,6.5174
59.375,57.570599,-17.191006,-154.183334,,84.550003,62.847286,-17.203476,-158.391342,6.7491
59.466667,58.98811,-17.116079,-151.187195,,84.741669,65.473312,-17.092567,-153.323395,6.828
59.474998,59.102879,-17.109035,-150.908478,,84.741669,65.473312,-17.092567,-153.323395,6.8128
59.566666,60.200275,-17.025154,-147.781235,,84.85833,66.637344,-17.024864,-149.975632,6.8008
59.658333,60.987171,-16.92268,-144.562469,,85.050003,67.232529,-16.860098,-144.129639,6.2607
59.741665,61.424957,-16.800013,-141.582962,,85.14167,67.001389,-16.764971,-141.304672,5.5835
59.775002,61.528618,-16.746716,-140.384567,,85.14167,67.001389,-16.764971,-141.304672,5.5496
59.875,61.630482,-16.583475,-136.808426,,85.333336,66.467545,-16.525158,-135.403656,5.0373
59.950001,61.503159,-16.454313,-134.157928,,85.425003,66.212791,-16.405249,-132.581589,4.9667
60.041668,61.086983,-16.300583,-130.976486,,85.5,66.005287,-16.309361,-130.272461,4.9684
60.133335,60.37273,-16.159378,-127.886635,,85.633331,65.473572,-16.145384,-126.186417,5.3768
60.233334,59.262226,-16.013443,-124.655563,,85.724998,64.837212,-16.039932,-123.425659,5.7091
60.325001,57.958515,-15.900873,-121.850113,,85.908333,62.781635,-15.86802,-118.151665,6.078
60.358334,57.421501,-15.864969,-120.871643,,85.908333,62.781635,-15.86802,-118.151665,6.0108
60.391666,56.854885,-15.836657,-119.91552,,85.941666,62.297752,-15.841468,-117.241333,6.0643
60.483334,55.17881,-15.763894,-117.39785,,86.025002,60.965431,-15.789496,-115.035103,6.2505
60.508335,54.697987,-15.74685,-116.739365,,86.116669,59.333656,-15.740267,-112.716835,6.1376
60.516666,54.535782,-15.741345,-116.522461,,86.116669,59.333656,-15.740267,-112.716835,6.1239
60.608334,52.473572,-15.69101,-113.973808,,86.208336,57.509789,-15.704829,-110.546082,6.092
60.658333,51.251614,-15.670073,-112.665039,,86.300003,55.513126,-15.668557,-108.533112,5.9358
60.691666,50.394337,-15.656565,-111.833809,,86.39167,53.358425,-15.640208,-106.690117,5.9366
60.783333,47.88343,-15.61402,-109.716232,,86.508331,50.399296,-15.607482,-104.627022,5.6771
60.875,45.193245,-15.570879,-107.822975,,86.616669,47.407902,-15.570355,-103.137543,5.1825
60.941666,43.125862,-15.533138,-106.615005,,86.708336,44.759418,-15.527603,-102.204185,4.7036
61.033333,40.147343,-15.46558,-105.208771,,86.833336,41.036999,-15.462444,-101.458199,3.8546
61.125,37.054771,-15.390719,-104.063423,,86.958336,37.291801,-15.385852,-101.080872,2.992
61.183334,35.03381,-15.344024,-103.491203,,87.050003,34.565243,-15.322236,-100.835068,2.6972
61.208332,34.156872,-15.322744,-103.286385,,87.050003,34.565243,-15.322236,-100.835068,2.4851
61.299999,30.913485,-15.24217,-102.647049,,87.14167,31.857859,-15.255916,-100.591507,2.2621
61.366665,28.552315,-15.185041,-102.19561,,87.241669,28.926119,-15.186698,-100.32766,1.905
61.458332,25.297571,-15.102973,-101.573631,,87.333336,26.258816,-15.118875,-100.087776,1.7697
61.508335,23.508823,-15.059064,-101.220032,,87.425003,23.624607,-15.052212,-99.850945,1.374
61.516666,23.210209,-15.051818,-101.158134,,87.425003,23.624607,-15.052212,-99.850945,1.3713
61.591667,20.525566,-14.981221,-100.531097,,87.51667,21.046928,-14.982001,-99.619484,1.0502
61.633335,19.043512,-14.940952,-100.108795,,87.60833,18.525999,-14.912917,-99.39283,0.8839
61.666668,17.86445,-14.909444,-99.732056,,87.60833,18.525999,-14.912917,-99.39283,0.7435
61.724998,15.805853,-14.85895,-99.023026,,87.708336,15.840356,-14.847411,-99.15139,0.1334
61.733334,15.511419,-14.852043,-98.919327,,87.716667,15.619699,-14.843161,-99.13015,0.2372
61.825001,12.262568,-14.788453,-97.76223,,87.849998,12.171383,-14.774997,-98.65168,0.8942
61.916668,9.00695,-14.7465,-96.596321,,87.991669,8.700492,-14.72968,-97.664375,1.1113
61.966667,7.228201,-14.724488,-95.963791,,88.025002,7.899198,-14.720449,-97.360252,1.5493
62.025002,5.148087,-14.697133,-95.257385,,88.116669,5.691426,-14.693827,-96.478172,1.3362
62.099998,2.448652,-14.657847,-94.467682,,88.300003,1.203327,-14.628176,-94.658409,1.2602
62.141666,0.932268,-14.637688,-94.113785,,88.300003,1.203327,-14.628176,-94.658409,0.6084
62.174999,-0.287538,-14.619911,-93.87542,,88.39167,-1.047148,-14.588079,-93.745872,0.7712
62.208332,-1.508687,-14.595283,-93.658646,,88.39167,-1.047148,-14.588079,-93.745872,0.4698
62.299999,-4.842336,-14.516139,-93.005852,,88.508331,-3.92044,-14.51111,-92.624084,0.9978
62.349998,-6.636406,-14.45854,-92.577675,,88.60833,-6.437908,-14.427306,-91.819527,0.7843
62.424999,-9.29351,-14.351581,-91.849197,,88.699997,-8.77156,-14.335472,-91.169075,0.8575
62.516666,-12.488123,-14.147263,-90.854561,,88.883331,-13.439506,-14.036716,-89.894577,1.3561
62.591667,-15.047067,-13.898612,-89.953018,,88.974998,-15.770091,-13.862183,-89.251053,1.0084
62.683334,-18.132475,-13.743006,-88.826492,,89.066666,-18.105408,-13.73515,-88.613396,0.215
62.775002,-21.19585,-13.673664,-87.61972,,89.158333,-20.44371,-13.677687,-87.975418,0.832
62.875,-24.485739,-13.611144,-86.218277,,89.308334,-24.269396,-13.599672,-86.927628,0.7417
62.966667,-27.448404,-13.549835,-84.863365,,89.458336,-28.026922,-13.516648,-85.673538,0.9961
63.033333,-29.570208,-13.490664,-83.837242,,89.550003,-30.23559,-13.450168,-84.728897,1.1133
63.066666,-30.618649,-13.447436,-83.308586,,89.599998,-31.407492,-13.391206,-84.162941,1.1642
63.099998,-31.656244,-13.389414,-82.765846,,89.650002,-32.553783,-13.327636,-83.559464,1.1997
63.150002,-33.190121,-13.299318,-81.920357,,89.724998,-34.212811,-13.223746,-82.570068,1.214
63.200001,-34.68335,-13.160669,-81.023521,,89.816666,-36.114559,-12.982785,-81.217934,1.4553
63.275002,-36.82909,-12.832568,-79.573433,,89.908333,-37.86668,-12.713069,-79.710831,1.0534
63.299999,-37.520172,-12.720274,-79.06131,,89.908333,-37.86668,-12.713069,-79.710831,0.7362
63.391666,-39.848434,-12.402274,-76.945221,,90,-39.463226,-12.485836,-78.060173,1.1826
63.483334,-41.603573,-12.14805,-74.360794,,90.183334,-42.122105,-12.102561,-74.384163,0.521
63.575001,-42.660713,-11.963476,-71.447083,,90.275002,-43.167919,-11.950141,-72.397469,1.0773
63.666668,-42.965813,-11.875961,-68.385338,,90.441666,-44.557457,-11.77418,-68.609123,1.6105
63.758335,-42.511692,-11.87127,-65.364738,,90.550003,-44.987202,-11.724178,-65.821686,2.5216
63.858334,-41.197811,-11.982932,-62.331947,,90.741669,-43.817368,-11.857813,-61.001972,2.9405
63.950001,-39.328724,-12.160373,-59.973892,,90.866669,-42.068596,-12.047286,-58.240383,3.2442
64,-38.08086,-12.258358,-58.915359,,90.958336,-40.460442,-12.183957,-56.425472,3.4449
64.008331,-37.859501,-12.274343,-58.756512,,90.958336,-40.460442,-12.183957,-56.425472,3.4938
64.099998,-35.281879,-12.454652,-57.225468,,91.14167,-36.449825,-12.451017,-53.536114,3.8698
64.191666,-32.55632,-12.592281,-55.976959,,91.241669,-33.870594,-12.559156,-52.588894,3.6342
64.224998,-31.538134,-12.632955,-55.59087,,91.333336,-31.403538,-12.647331,-52.021492,3.5719
64.258331,-30.50812,-12.663713,-55.236599,,91.333336,-31.403538,-12.647331,-52.021492,3.3375
64.349998,-27.6304,-12.722605,-54.404922,,91.491669,-27.027267,-12.735399,-51.491703,2.975
64.400002,-26.039984,-12.757244,-54.029594,,91.491669,-27.027267,-12.735399,-51.491703,2.7233
64.449997,-24.438784,-12.784972,-53.702694,,91.583336,-24.465435,-12.777926,-51.229664,2.4732
64.525002,-22.022238,-12.817015,-53.288048,,91.675003,-21.888206,-12.812021,-50.965946,2.326
64.616669,-19.044167,-12.856523,-52.873611,,91.76667,-19.295856,-12.847095,-50.700466,2.1877
64.708336,-16.042482,-12.896026,-52.537674,,91.866669,-16.451061,-12.884953,-50.409164,2.1674
64.800003,-13.020152,-12.936175,-52.275547,,92,-12.629764,-12.935581,-50.038273,2.2711
64.89167,-9.979284,-12.987652,-52.087795,,92.074997,-10.466634,-12.971946,-49.921429,2.2206
64.991669,-6.643224,-13.048767,-51.968456,,92.199997,-6.883102,-13.037173,-49.882408,2.0998
65.074997,-3.84091,-13.115708,-51.937675,,92.291664,-4.277879,-13.094471,-49.87413,2.1094
65.091667,-3.258031,-13.133905,-51.936104,,92.291664,-4.277879,-13.094471,-49.87413,2.3007
65.133331,-1.750314,-13.182059,-51.911064,,92.383331,-1.69237,-13.173753,-49.866257,2.0456
65.166664,-0.539435,-13.220052,-51.871704,,92.383331,-1.69237,-13.173753,-49.866257,2.3137
65.199997,0.675651,-13.257662,-51.818092,,92.474998,0.873925,-13.252445,-49.858467,1.9696
65.291664,4.041522,-13.386319,-51.681107,,92.566666,3.420439,-13.348656,-49.850704,1.9333
65.341667,5.893219,-13.459063,-51.637775,,92.658333,5.947651,-13.446983,-49.842987,1.7957
65.375,7.129569,-13.508861,-51.614525,,92.658333,5.947651,-13.446983,-49.842987,2.1305
65.466667,10.493011,-13.651155,-51.590771,,92.824997,10.492905,-13.636363,-49.82914,1.7617
65.51667,12.304563,-13.727979,-51.615086,,92.900002,12.517478,-13.722792,-49.822895,1.8048
65.525002,12.60564,-13.740855,-51.621037,,92.900002,12.517478,-13.722792,-49.822895,1.8004
65.583336,14.714135,-13.831401,-51.662781,,92.974998,14.529147,-13.809885,-49.8167,1.8555
65.625,16.220417,-13.896315,-51.676414,,93.050003,16.527979,-13.896001,-49.810501,1.8911
65.658333,17.425497,-13.948302,-51.676651,,93.091667,17.632906,-13.943125,-49.807114,1.881
65.75,20.740124,-14.070337,-51.697334,,93.366669,20.760618,-14.031709,-49.811264,1.8866
65.775002,21.644058,-14.099186,-51.71788,,93.458336,21.468529,-14.051183,-49.818695,1.9079
65.783333,21.945333,-14.108513,-51.726467,,93.550003,22.162683,-14.071418,-49.827984,1.9112
65.85833,24.657242,-14.192541,-51.783085,,93.925003,24.873434,-14.154623,-49.880619,1.9151
65.908333,26.465509,-14.248786,-51.768127,,94.116669,26.185684,-14.195652,-49.911827,1.878
65.98333,29.176319,-14.318106,-51.663403,,94.116669,26.185684,-14.195652,-49.911827,3.468
66.074997,32.484035,-14.397438,-51.431362,,94.116669,26.185684,-14.195652,-49.911827,6.4822
66.10833,33.685047,-14.426458,-51.324039,,94.116669,26.185684,-14.195652,-49.911827,7.6347
66.14167,34.884773,-14.451806,-51.202488,,94.116669,26.185684,-14.195652,-49.911827,8.798
66.216667,37.576469,-14.488166,-50.860249,,94.116669,26.185684,-14.195652,-49.911827,11.4339
66.291664,40.25399,-14.52366,-50.420399,,94.116669,26.185684,-14.195652,-49.911827,14.0813
66.383331,43.507519,-14.567334,-49.777573,,94.116669,26.185684,-14.195652,-49.911827,17.3263
66.474998,46.742554,-14.602921,-49.046829,,94.116669,26.185684,-14.195652,-49.911827,20.5791
66.508331,47.914284,-14.615449,-48.761177,,94.116669,26.185684,-14.195652,-49.911827,21.7631
66.541664,49.081272,-14.627988,-48.46312,,94.116669,26.185684,-14.195652,-49.911827,22.9454
66.574997,50.241505,-14.640493,-48.149372,,94.116669,26.185684,-14.195652,-49.911827,24.1244
66.666664,53.386303,-14.684251,-47.177216,,94.116669,26.185684,-14.195652,-49.911827,27.3421
66.758331,56.449085,-14.744343,-46.025646,,94.116669,26.185684,-14.195652,-49.911827,30.5168
66.849998,59.416786,-14.847188,-44.696117,,94.116669,26.185684,-14.195652,-49.911827,33.6442
66.941666,62.276878,-15.010766,-43.194523,,94.116669,26.185684,-14.195652,-49.911827,36.72
66.991669,63.78764,-15.116858,-42.305027,,94.116669,26.185684,-14.195652,-49.911827,38.3747
67.058334,65.736099,-15.262675,-41.030682,,94.116669,26.185684,-14.195652,-49.911827,40.5493
67.133331,67.821045,-15.447745,-39.468071,,94.116669,26.185684,-14.195652,-49.911827,42.9435
67.166664,68.708786,-15.52904,-38.730553,,94.116669,26.185684,-14.195652,-49.911827,43.9888
67.216667,69.997169,-15.645983,-37.580956,,94.116669,26.185684,-14.195652,-49.911827,45.5368
67.275002,71.433762,-15.787843,-36.179703,,94.116669,26.185684,-14.195652,-49.911827,47.3127
67.349998,73.16404,-15.951657,-34.279926,,94.116669,26.185684,-14.195652,-49.911827,49.542
67.441666,75.066849,-16.117533,-31.801548,,94.116669,26.185684,-14.195652,-49.911827,52.1636
67.533333,76.709007,-16.240149,-29.163858,,94.116669,26.185684,-14.195652,-49.911827,54.6559
67.625,78.073143,-16.328827,-26.392366,,94.116669,26.185684,-14.195652,-49.911827,57.009
67.716667,79.149551,-16.39563,-23.51696,,94.116669,26.185684,-14.195652,-49.911827,59.2174
67.808334,79.93087,-16.456617,-20.567497,,94.116669,26.185684,-14.195652,-49.911827,61.276
67.900002,80.413445,-16.51333,-17.574116,,94.116669,26.185684,-14.195652,-49.911827,63.1803
67.991669,80.596237,-16.567186,-14.542575,,94.116669,26.185684,-14.195652,-49.911827,64.9393
68,80.598061,-16.572445,-14.264552,,94.116669,26.185684,-14.195652,-49.911827,65.0929
68.033333,80.58033,-16.593609,-13.149619,,94.116669,26.185684,-14.195652,-49.911827,65.6962
68.050003,80.554962,-16.604437,-12.572408,,94.116669,26.185684,-14.195652,-49.911827,66.0004
68.14167,80.013245,-16.665802,-9.344609,,94.116669,26.185684,-14.195652,-49.911827,67.4478
68.241669,78.549858,-16.736359,-6.124336,,94.116669,26.185684,-14.195652,-49.911827,68.3067
68.333336,76.499619,-16.791014,-3.651821,,94.116669,26.185684,-14.195652,-49.911827,68.3975
68.425003,73.917465,-16.819014,-1.793488,,94.116669,26.185684,-14.195652,-49.911827,67.8276
68.458336,72.881294,-16.824255,-1.288612,,94.116669,26.185684,-14.195652,-49.911827,67.4656
68.491669,71.810127,-16.827343,-0.869709,,94.116669,26.185684,-14.195652,-49.911827,67.0347
68.583336,68.757088,-16.829521,-0.073917,,94.116669,26.185684,-14.195652,-49.911827,65.5979
68.675003,65.624435,-16.823196,0.290318,,94.116669,26.185684,-14.195652,-49.911827,63.895
68.73333,63.617138,-16.817015,0.307122,,94.116669,26.185684,-14.195652,-49.911827,62.6891
68.791664,61.612286,-16.810715,0.186556,,94.116669,26.185684,-14.195652,-49.911827,61.4144
68.841667,59.89423,-16.805136,0.04581,,94.116669,26.185684,-14.195652,-49.911827,60.3228
68.916664,57.334709,-16.798874,-0.258228,,94.116669,26.185684,-14.195652,-49.911827,58.673
69.008331,54.265324,-16.793636,-0.880078,,94.116669,26.185684,-14.195652,-49.911827,56.5626
69.099998,51.308136,-16.790657,-1.849715,,94.116669,26.185684,-14.195652,-49.911827,54.294
69.191666,48.509972,-16.789402,-3.167403,,94.116669,26.185684,-14.195652,-49.911827,51.8666
69.199997,48.264481,-16.789328,-3.302881,,94.116669,26.185684,-14.195652,-49.911827,51.6391
69.23333,47.289948,-16.789135,-3.854835,,94.116669,26.185684,-14.195652,-49.911827,50.7283
69.26667,46.319473,-16.789028,-4.408786,,94.116669,26.185684,-14.195652,-49.911827,49.8259
69.366669,43.373184,-16.788685,-5.974752,,94.116669,26.185684,-14.195652,-49.911827,47.2504
69.416664,41.872765,-16.788513,-6.684706,,94.116669,26.185684,-14.195652,-49.911827,46.0586
69.491669,39.597755,-16.788256,-7.669733,,94.116669,26.185684,-14.195652,-49.911827,44.3959
69.583336,36.794155,-16.787941,-8.772195,,94.116669,26.185684,-14.195652,-49.911827,42.5644
69.675003,33.978928,-16.787624,-9.789497,,94.116669,26.185684,-14.195652,-49.911827,40.9543
69.76667,31.157309,-16.787302,-10.729826,,94.116669,26.185684,-14.195652,-49.911827,39.5811
69.866669,28.074541,-16.786953,-11.668902,,94.116669,26.185684,-14.195652,-49.911827,38.3771
69.958336,25.225693,-16.786816,-12.45635,,93.833336,24.228329,-14.134566,-49.865978,37.5168
70.050003,22.318256,-16.787153,-13.183006,,93.550003,22.162683,-14.071418,-49.827984,36.7458
70.091667,20.977854,-16.787271,-13.493075,,93.366669,20.760618,-14.031709,-49.811264,36.4232
70.125,19.896919,-16.787277,-13.729904,,93.26667,19.981413,-14.012484,-49.80566,36.1824
70.158333,18.807716,-16.786779,-13.95259,,93.14167,18.953779,-13.994101,-49.803074,35.9594
70.25,15.766953,-16.788176,-14.459893,,93.025002,15.863129,-13.86738,-49.812553,35.4732
70.341667,12.66439,-16.789948,-14.786378,,92.925003,13.189466,-13.75178,-49.820827,35.1699
70.425003,9.799932,-16.792347,-14.916512,,92.800003,9.815185,-13.607563,-49.831207,35.0596
70.433334,9.511566,-16.792213,-14.920574,,92.800003,9.815185,-13.607563,-49.831207,35.0569
70.48333,7.70265,-16.792599,-14.909739,,92.75,8.455458,-13.549857,-49.83535,35.0839
70.533333,5.897584,-16.792967,-14.793268,,92.658333,5.947651,-13.446983,-49.842987,35.2091
70.616669,2.924896,-16.792944,-14.302381,,92.566666,3.420439,-13.348656,-49.850704,35.7182
70.650002,1.757896,-16.792894,-13.998234,,92.474998,0.873925,-13.252445,-49.858467,36.0454
70.724998,-0.821592,-16.79282,-13.157092,,92.383331,-1.69237,-13.173753,-49.866257,36.8974
70.73333,-1.104701,-16.792814,-13.05334,,92.383331,-1.69237,-13.173753,-49.866257,36.9951
70.824997,-4.167412,-16.79277,-11.782523,,92.291664,-4.277879,-13.094471,-49.87413,38.2709
70.916664,-7.117965,-16.792749,-10.269613,,92.199997,-6.883102,-13.037173,-49.882408,39.7911
71.008331,-9.935032,-16.792746,-8.520677,,92.10833,-9.507673,-12.989444,-49.901154,41.5571
71.099998,-12.599417,-16.792746,-6.546948,,92.074997,-10.466634,-12.971946,-49.921429,43.5946
71.125,-13.295322,-16.792746,-5.969102,,92.074997,-10.466634,-12.971946,-49.921429,44.2087
71.133331,-13.523705,-16.792746,-5.772234,,92.074997,-10.466634,-12.971946,-49.921429,44.4195
71.191666,-15.106089,-16.792744,-4.37549,,92,-12.629764,-12.935581,-50.038273,45.8923
71.26667,-17.166203,-16.792744,-2.60923,,92,-12.629764,-12.935581,-50.038273,47.8014
71.366669,-19.978193,-16.792744,-0.332493,,91.949997,-14.067155,-12.916681,-50.167007,50.3333
71.400002,-20.931057,-16.792744,0.406622,,91.866669,-16.451061,-12.884953,-50.409164,51.1623
71.433334,-21.892572,-16.792723,1.131013,,91.866669,-16.451061,-12.884953,-50.409164,51.9737
71.525002,-24.59523,-16.792561,3.019481,,91.76667,-19.295856,-12.847095,-50.700466,54.1247
71.583336,-26.36294,-16.79241,4.131303,,91.675003,-21.888206,-12.812021,-50.965946,55.4218
71.633331,-27.903469,-16.792263,5.030612,,91.675003,-21.888206,-12.812021,-50.965946,56.4592
71.708336,-30.245781,-16.792027,6.301673,,91.583336,-24.465435,-12.777926,-51.229664,57.9602
71.800003,-33.140743,-16.791719,7.755992,,91.491669,-27.027267,-12.735399,-51.491703,59.7002
71.89167,-36.056179,-16.791405,9.124249,,91.400002,-29.571283,-12.68492,-51.765678,61.3718
71.991669,-39.254189,-16.791061,10.525156,,91.366669,-30.490147,-12.667059,-51.881813,63.1541
72.083336,-42.19939,-16.790747,11.725351,,91.333336,-31.403538,-12.647331,-52.021492,64.7872
72.116669,-43.27409,-16.790632,12.139538,,91.333336,-31.403538,-12.647331,-52.021492,65.3813
72.150002,-44.352192,-16.790516,12.537491,,91.333336,-31.403538,-12.647331,-52.021492,65.975
72.241669,-47.341789,-16.790195,13.519711,,91.333336,-31.403538,-12.647331,-52.021492,67.5784
72.308334,-49.53867,-16.789961,14.117039,,91.241669,-33.870594,-12.559156,-52.588894,68.6518
72.316666,-49.814411,-16.78993,14.184568,,91.241669,-33.870594,-12.559156,-52.588894,68.7808
72.35833,-51.196251,-16.789785,14.498352,,91.241669,-33.870594,-12.559156,-52.588894,69.4174
72.449997,-54.273811,-16.789671,15.052633,,91.241669,-33.870594,-12.559156,-52.588894,70.7783
72.5,-55.980289,-16.78986,15.276589,,91.241669,-33.870594,-12.559156,-52.588894,71.5015
72.51667,-56.566147,-16.789951,15.341355,,91.241669,-33.870594,-12.559156,-52.588894,71.7461
72.566666,-58.368797,-16.791666,15.491939,,91.241669,-33.870594,-12.559156,-52.588894,72.4781
72.616669,-60.177071,-16.792448,15.536695,,91.241669,-33.870594,-12.559156,-52.588894,73.1509
72.691666,-62.882889,-16.792696,15.353638,,91.14167,-36.449825,-12.451017,-53.536114,73.9145
72.783333,-66.114075,-16.790848,14.626217,,91.14167,-36.449825,-12.451017,-53.536114,74.4641
72.875,-69.143524,-16.782602,13.289343,,91.14167,-36.449825,-12.451017,-53.536114,74.5203
72.883331,-69.405067,-16.781298,13.139318,,91.14167,-36.449825,-12.451017,-53.536114,74.5011
72.916664,-70.426735,-16.778255,12.498711,,91.14167,-36.449825,-12.451017,-53.536114,74.3892
72.958336,-71.637619,-16.780216,11.632977,,91.14167,-36.449825,-12.451017,-53.536114,74.1885
73.050003,-74.086777,-16.843079,9.563647,,91.083336,-37.8451,-12.367104,-54.306084,73.572
73.099998,-75.351433,-16.900253,8.34113,,91.083336,-37.8451,-12.367104,-54.306084,73.157
73.158333,-76.785843,-16.984097,6.856279,,91.083336,-37.8451,-12.367104,-54.306084,72.6535
73.199997,-77.799973,-17.06407,5.773819,,91.083336,-37.8451,-12.367104,-54.306084,72.3052
73.291664,-80.111038,-17.230751,3.43704,,91.083336,-37.8451,-12.367104,-54.306084,71.724
73.383331,-82.679497,-17.386972,1.350163,,91.025002,-39.128025,-12.282851,-55.23106,71.5836
73.416664,-83.674164,-17.439499,0.670015,,91.025002,-39.128025,-12.282851,-55.23106,71.6651
73.425003,-83.927048,-17.451973,0.50623,,91.025002,-39.128025,-12.282851,-55.23106,71.696
73.458336,-84.946075,-17.503527,-0.137073,,91.01667,-39.302166,-12.27085,-55.373371,71.8456
73.491669,-85.967377,-17.56391,-0.776037,,91.01667,-39.302166,-12.27085,-55.373371,72.0175
73.583336,-88.728828,-17.717152,-2.605549,,90.958336,-40.460442,-12.183957,-56.425472,72.5054
73.633331,-90.17215,-17.771284,-3.673891,,90.958336,-40.460442,-12.183957,-56.425472,72.6994
73.675003,-91.328957,-17.865808,-4.565673,,90.958336,-40.460442,-12.183957,-56.425472,72.8651
73.716667,-92.45594,-18.015415,-5.437159,,90.958336,-40.460442,-12.183957,-56.425472,73.0571
73.758331,-93.55471,-18.213057,-6.284021,,90.958336,-40.460442,-12.183957,-56.425472,73.277
73.849998,-95.90654,-18.65991,-8.163177,,90.958336,-40.460442,-12.183957,-56.425472,73.7933
73.941666,-98.218033,-19.057592,-10.156311,,90.866669,-42.068596,-12.047286,-58.240383,74.2562
74.033333,-100.482208,-19.459129,-12.237775,,90.866669,-42.068596,-12.047286,-58.240383,74.7217
74.066666,-101.295647,-19.608509,-13.012796,,90.866669,-42.068596,-12.047286,-58.240383,74.9036
74.099998,-102.102386,-19.758837,-13.798618,,90.866669,-42.068596,-12.047286,-58.240383,75.0906
74.133331,-102.899513,-19.911015,-14.597591,,90.833336,-42.587261,-11.997737,-58.945248,75.2788
74.224998,-105.005646,-20.351969,-16.890884,,90.833336,-42.587261,-11.997737,-58.945248,75.7259
74.275002,-106.102798,-20.569172,-18.20105,,90.833336,-42.587261,-11.997737,-58.945248,75.9459
74.349998,-107.640167,-20.964399,-20.25005,,90.833336,-42.587261,-11.997737,-58.945248,76.2207
74.383331,-108.277306,-21.106813,-21.201021,,90.833336,-42.587261,-11.997737,-58.945248,76.3072
74.474998,-109.875015,-21.569384,-23.923552,,90.741669,-43.817368,-11.857813,-61.001972,76.3724
74.491669,-110.137772,-21.65196,-24.438694,,90.741669,-43.817368,-11.857813,-61.001972,76.3623
74.533333,-110.754944,-21.8953,-25.782249,,90.741669,-43.817368,-11.857813,-61.001972,76.3008
74.625,-111.599777,-22.566809,-28.910677,,90.741669,-43.817368,-11.857813,-61.001972,75.7561
74.716667,-111.643898,-23.183548,-32.153904,,90.708336,-44.1814,-11.816366,-61.792145,74.5575
74.808334,-110.851967,-23.753332,-35.299557,,90.708336,-44.1814,-11.816366,-61.792145,72.7277
74.841667,-110.364799,-23.941507,-36.377747,,90.708336,-44.1814,-11.816366,-61.792145,71.9246
74.875,-109.785759,-24.137196,-37.40905,,90.708336,-44.1814,-11.816366,-61.792145,71.0653
74.908333,-109.134506,-24.324856,-38.400101,,90.708336,-44.1814,-11.816366,-61.792145,70.1609
74.916664,-108.960983,-24.365101,-38.641727,,90.675003,-44.486919,-11.778233,-62.6064,69.926
74.966667,-107.841736,-24.557043,-40.039413,,90.675003,-44.486919,-11.778233,-62.6064,68.4573
75.025002,-106.420486,-24.762527,-41.584663,,90.675003,-44.486919,-11.778233,-62.6064,66.6804
75.099998,-104.487953,-24.955734,-43.480118,,90.675003,-44.486919,-11.778233,-62.6064,64.3396
75.191666,-102.052612,-25.160263,-45.723061,,90.675003,-44.486919,-11.778233,-62.6064,61.4649
75.199997,-101.829453,-25.179407,-45.924984,,90.675003,-44.486919,-11.778233,-62.6064,61.2048
75.216667,-101.382782,-25.217737,-46.328445,,90.675003,-44.486919,-11.778233,-62.6064,60.6855
75.224998,-101.160614,-25.236395,-46.531509,,90.675003,-44.486919,-11.778233,-62.6064,60.4271
75.316666,-98.504776,-25.467812,-49.164078,,90.64167,-44.725128,-11.74624,-63.443108,57.3099
75.39167,-96.472755,-25.671585,-51.490196,,90.64167,-44.725128,-11.74624,-63.443108,54.9054
75.491669,-94.010132,-26.008028,-54.832874,,90.64167,-44.725128,-11.74624,-63.443108,52.0245
75.525002,-93.258774,-26.126637,-56.00621,,90.64167,-44.725128,-11.74624,-63.443108,51.1627
75.558334,-92.541016,-26.269741,-57.203381,,90.64167,-44.725128,-11.74624,-63.443108,50.361
75.633331,-91.047913,-26.724627,-59.972122,,90.550003,-44.987202,-11.724178,-65.821686,48.7936
75.708336,-89.724258,-27.299801,-62.8344,,90.550003,-44.987202,-11.724178,-65.821686,47.465
75.800003,-88.37693,-28.17157,-66.449982,,90.550003,-44.987202,-11.724178,-65.821686,46.4067
75.833336,-87.957085,-28.451248,-67.803703,,90.550003,-44.987202,-11.724178,-65.821686,46.1534
75.866669,-87.576035,-28.667555,-69.170723,,90.550003,-44.987202,-11.724178,-65.821686,45.9576
75.875,-87.485779,-28.715874,-69.514923,,90.550003,-44.987202,-11.724178,-65.821686,45.9183
75.966667,-86.601944,-29.143053,-73.354065,,90.458336,-44.663368,-11.762387,-68.203064,45.6888
76.033333,-86.092209,-29.380676,-76.203407,,90.458336,-44.663368,-11.762387,-68.203064,45.7248
76.083336,-85.775063,-29.533058,-78.367348,,90.458336,-44.663368,-11.762387,-68.203064,45.9269
76.158333,-85.387085,-29.742506,-81.647934,,90.441666,-44.557457,-11.77418,-68.609123,46.475
76.166664,-85.349403,-29.765007,-82.014679,,90.366669,-44.01553,-11.838984,-70.336502,46.5426
76.258331,-84.992676,-29.983004,-86.074326,,90.366669,-44.01553,-11.838984,-70.336502,47.4975
76.349998,-84.728027,-30.139011,-90.173729,,90.275002,-43.167919,-11.950141,-72.397469,48.7245
76.400002,-84.620224,-30.186274,-92.42421,,90.275002,-43.167919,-11.950141,-72.397469,49.5169
76.416664,-84.586823,-30.195471,-93.194817,,90.275002,-43.167919,-11.950141,-72.397469,49.8091
76.508331,-84.29245,-30.178328,-97.537689,,90.183334,-42.122105,-12.102561,-74.384163,51.3922
76.599998,-83.695999,-30.060453,-101.841644,,90.091667,-40.884304,-12.283154,-76.277725,52.9376
76.691666,-82.766159,-29.860937,-106.063446,,90.091667,-40.884304,-12.283154,-76.277725,54.3163
76.783333,-81.514862,-29.611753,-110.179916,,90,-39.463226,-12.485836,-78.060173,55.6176
76.875,-79.952248,-29.32967,-114.167923,,90,-39.463226,-12.485836,-78.060173,56.8053
76.966667,-78.093719,-29.04266,-118.009094,,89.908333,-37.86668,-12.713069,-79.710831,57.8932
77.058334,-75.952827,-28.734749,-121.678825,,89.908333,-37.86668,-12.713069,-79.710831,58.8945
77.099998,-74.892044,-28.586998,-123.285141,,89.816666,-36.114559,-12.982785,-81.217934,59.3029
77.10833,-74.673538,-28.555313,-123.601334,,89.816666,-36.114559,-12.982785,-81.217934,59.3772
77.158333,-73.314964,-28.358736,-125.459473,,89.816666,-36.114559,-12.982785,-81.217934,59.8131
77.191666,-72.36393,-28.211985,-126.657127,,89.816666,-36.114559,-12.982785,-81.217934,60.0888
77.224998,-71.381149,-28.062975,-127.825279,,89.816666,-36.114559,-12.982785,-81.217934,60.3605
77.316666,-68.562233,-27.553143,-130.897766,,89.724998,-34.212811,-13.223746,-82.570068,60.9982
77.366669,-66.966942,-27.219658,-132.49437,,89.724998,-34.212811,-13.223746,-82.570068,61.3283
77.433334,-64.787811,-26.754221,-134.552109,,89.650002,-32.553783,-13.327636,-83.559464,61.8026
77.508331,-62.263699,-26.340446,-136.797195,,89.650002,-32.553783,-13.327636,-83.559464,62.3399
77.599998,-59.105392,-25.990271,-139.466278,,89.599998,-31.407492,-13.391206,-84.162941,63.1219
77.691666,-55.886223,-25.798248,-142.064514,,89.550003,-30.23559,-13.450168,-84.728897,64.0141
77.783333,-52.62009,-25.64926,-144.590683,,89.458336,-28.026922,-13.516648,-85.673538,64.9866
77.875,-49.307201,-25.519785,-147.042999,,82.341667,9.688352,-22.029848,-171.910812,64.1176
77.966667,-45.948765,-25.380913,-149.42038,,80.25,-47.080097,-25.396933,-149.983871,1.264
78.058334,-42.548046,-25.20171,-151.720825,,80.39167,-42.582455,-25.171373,-152.570297,0.8507
78.150002,-39.109119,-24.967352,-153.942886,,80.474998,-40.048367,-24.999273,-154.165039,0.9657
78.191666,-37.534111,-24.834448,-154.925217,,80.558334,-37.593903,-24.791241,-155.68602,0.7644
78.208336,-36.887714,-24.775469,-155.325607,,80.558334,-37.593903,-24.791241,-155.68602,0.793
78.241669,-35.569138,-24.651363,-156.152817,,80.599998,-36.374195,-24.677256,-156.381134,0.8372
78.275002,-34.256733,-24.529303,-156.987198,,80.675003,-34.171379,-24.48143,-157.479736,0.5022
78.308334,-32.949219,-24.403599,-157.825638,,80.716667,-32.951443,-24.373362,-158.012924,0.1897
78.400002,-29.325663,-24.06271,-160.091156,,80.841667,-29.399885,-24.069292,-159.471298,0.6243
78.449997,-27.313633,-23.885885,-161.283829,,80.925003,-27.148073,-23.883507,-160.386154,0.9128
78.51667,-24.574989,-23.66177,-162.791229,,81.025002,-24.571943,-23.678862,-161.432205,1.3591
78.60833,-20.704447,-23.404551,-164.699463,,81.199997,-20.371712,-23.388487,-163.139175,1.5955
78.658333,-18.547812,-23.290213,-165.663467,,81.300003,-18.010847,-23.259609,-164.079636,1.6727
78.691666,-17.088614,-23.209358,-166.26062,,81.349998,-16.81559,-23.193546,-164.510788,1.7711
78.783333,-12.998388,-23.045218,-167.729248,,81.508331,-12.901335,-23.032738,-165.667923,2.0636
78.875,-8.8467,-22.907532,-169.033417,,81.691666,-8.194359,-22.874641,-166.969666,2.1646
78.883331,-8.466893,-22.89665,-169.145157,,81.691666,-8.194359,-22.874641,-166.969666,2.1926
78.89167,-8.086716,-22.885729,-169.255783,,81.691666,-8.194359,-22.874641,-166.969666,2.2887
78.900002,-7.706172,-22.874777,-169.36528,,81.691666,-8.194359,-22.874641,-166.969666,2.4449
78.98333,-3.882568,-22.762508,-170.38504,,81.875,-3.328775,-22.731848,-168.314133,2.1439
79.025002,-1.98077,-22.699667,-170.83165,,81.966667,-0.839582,-22.646942,-169.001938,2.1571
79.066666,-0.096054,-22.632677,-171.234985,,81.974998,-0.61147,-22.638783,-169.064957,2.2304
79.099998,1.39815,-22.575644,-171.530045,,82.066666,1.917173,-22.543123,-169.763779,1.8412
79.14167,3.247945,-22.484377,-171.862808,,82.158333,4.47894,-22.412838,-170.471527,1.8591
79.183334,5.078327,-22.38476,-172.151505,,82.158333,4.47894,-22.412838,-170.471527,1.7839
79.224998,6.887579,-22.258583,-172.392792,,82.25,7.070896,-22.239399,-171.187881,1.2189
79.26667,8.675676,-22.123184,-172.586288,,82.341667,9.688352,-22.029848,-171.910812,1.2209
79.308334,10.440491,-21.970987,-172.735107,,82.341667,9.688352,-22.029848,-171.910812,1.1174
79.349998,12.181843,-21.817366,-172.84584,,82.433334,12.320231,-21.785526,-172.637512,0.2521
79.39167,13.89802,-21.654657,-172.923111,,82.525002,14.954797,-21.515606,-173.364868,1.1538
79.433334,15.58886,-21.489429,-172.972595,,82.525002,14.954797,-21.515606,-173.364868,0.7461
79.474998,17.253738,-21.320765,-172.998932,,82.616669,17.554928,-21.234682,-174.083023,1.1284
79.51667,18.892509,-21.150421,-173.005463,,82.666664,18.958427,-21.078814,-174.46698,1.4648
79.558334,20.50544,-20.983175,-172.993896,,82.691666,19.657682,-21.001089,-174.652008,1.8624
79.591667,21.776876,-20.850292,-172.97049,,82.75,21.288067,-20.820398,-175.043549,2.1301
79.633331,23.341415,-20.678652,-172.918259,,82.841667,23.848719,-20.548433,-175.521347,2.6553
79.675003,24.87883,-20.510269,-172.835876,,82.841667,23.848719,-20.548433,-175.521347,2.8765
79.716667,26.390064,-20.359798,-172.723923,,82.933334,26.396784,-20.291185,-175.831451,3.1083
79.808334,29.665188,-20.035206,-172.355438,,83.025002,28.908285,-20.06468,-175.982529,3.7053
79.900002,32.912991,-19.72954,-171.795868,,83.208336,33.768661,-19.662413,-175.832275,4.1267
79.949997,34.658695,-19.550936,-171.405792,,83.300003,36.09967,-19.463829,-175.547882,4.3864
80.01667,36.950832,-19.308714,-170.781982,,83.39167,38.382664,-19.270344,-175.128128,4.5761
80.091667,39.468197,-19.026278,-169.926239,,83.491669,40.816948,-19.044132,-174.520981,4.7886
80.14167,41.098751,-18.830208,-169.251221,,83.558334,42.403748,-18.889994,-174.034622,4.9586
80.216667,43.467884,-18.549139,-168.092194,,83.650002,44.549541,-18.678686,-173.254623,5.2761
80.241669,44.235561,-18.460798,-167.668106,,83.741669,46.666649,-18.466917,-172.338348,5.2651
80.308334,46.223888,-18.218428,-166.437088,,83.833336,48.747849,-18.260759,-171.28862,5.469
80.400002,48.835125,-17.919371,-164.522202,,84.01667,52.765572,-17.879347,-168.79097,5.8028
80.474998,50.859257,-17.705999,-162.781799,,84.116669,54.855392,-17.693195,-167.207077,5.9626
80.541664,52.553234,-17.539562,-161.099899,,84.216667,56.851593,-17.542139,-165.479828,6.1367
80.633331,54.709995,-17.364597,-158.595535,,84.349998,59.329525,-17.366531,-162.978958,6.3682
80.724998,56.634449,-17.243498,-155.898819,,84.458336,61.321651,-17.26354,-160.596542,6.6362
80.816666,58.290665,-17.160086,-153.028137,,84.64167,64.203148,-17.145285,-156.039856,6.6354
80.824997,58.4272,-17.153982,-152.759384,,84.64167,64.203148,-17.145285,-156.039856,6.6425
80.916664,59.768147,-17.079809,-149.728317,,84.808334,66.188766,-17.056671,-151.433655,6.6433
81.008331,60.808456,-16.993876,-146.581711,,84.933334,67.107452,-16.972197,-147.723648,6.4017
81.099998,61.537483,-16.877054,-143.34993,,85.050003,67.232529,-16.860098,-144.129639,5.7482
81.191666,61.940338,-16.732698,-140.062607,,85.241669,66.723129,-16.642881,-138.225723,5.1242
81.283333,62.020763,-16.58613,-136.772324,,85.333336,66.467545,-16.525158,-135.403656,4.653
81.375,61.780212,-16.426729,-133.528427,,85.425003,66.212791,-16.405249,-132.581589,4.5326
81.466667,61.226723,-16.271397,-130.36116,,85.5,66.005287,-16.309361,-130.272461,4.7795
81.558334,60.375343,-16.13693,-127.29882,,85.633331,65.473572,-16.145384,-126.186417,5.2182
81.650002,59.237991,-16.003269,-124.371284,,85.724998,64.837212,-16.039932,-123.425659,5.6786
81.741669,57.832672,-15.891678,-121.603745,,85.908333,62.781635,-15.86802,-118.151665,6.034
81.775002,57.261215,-15.857836,-120.641098,,85.908333,62.781635,-15.86802,-118.151665,6.0558
81.808334,56.663666,-15.830456,-119.702904,,85.974998,61.78405,-15.820237,-116.347321,6.122
81.900002,54.917038,-15.758111,-117.23967,,86.116669,59.333656,-15.740267,-112.716835,6.3216
81.98333,53.225407,-15.710305,-115.14006,,86.208336,57.509789,-15.704829,-110.546082,6.2818
81.991669,53.051407,-15.705726,-114.937439,,86.208336,57.509789,-15.704829,-110.546082,6.2579
82.083336,50.850029,-15.664192,-112.563293,,86.300003,55.513126,-15.668557,-108.533112,6.1633
82.133331,49.560261,-15.643317,-111.352501,,86.39167,53.358425,-15.640208,-106.690117,6.0136
82.166664,48.662083,-15.628433,-110.587196,,86.458336,51.699413,-15.622008,-105.464973,5.955
82.258331,46.056118,-15.583192,-108.649956,,86.616669,47.407902,-15.570355,-103.137543,5.6758
82.341667,43.545361,-15.542825,-107.086861,,86.708336,44.759418,-15.527603,-102.204185,5.0314
82.408333,41.440868,-15.496614,-106.001701,,86.800003,42.036777,-15.478647,-101.600883,4.441
82.5,38.425396,-15.421911,-104.768204,,86.866669,40.036263,-15.44416,-101.342957,3.7852
82.591667,35.309841,-15.350169,-103.795876,,87.050003,34.565243,-15.322236,-100.835068,3.0531
82.650002,33.287109,-15.30057,-103.310768,,87.050003,34.565243,-15.322236,-100.835068,2.7862
82.683334,32.118797,-15.271367,-103.08075,,87.14167,31.857859,-15.255916,-100.591507,2.5029
82.775002,28.862106,-15.192203,-102.551506,,87.241669,28.926119,-15.186698,-100.32766,2.2248
82.824997,27.068844,-15.14711,-102.266373,,87.333336,26.258816,-15.118875,-100.087776,2.3245
82.833336,26.769068,-15.139573,-102.21756,,87.333336,26.258816,-15.118875,-100.087776,2.1902
82.89167,24.666508,-15.087069,-101.849831,,87.425003,23.624607,-15.052212,-99.850945,2.2544
82.966667,21.966476,-15.02055,-101.256653,,87.51667,21.046928,-14.982001,-99.619484,1.8781
83.058334,18.716751,-14.932618,-100.242027,,87.60833,18.525999,-14.912917,-99.39283,0.8706
83.091667,17.560593,-14.90229,-99.782692,,87.60833,18.525999,-14.912917,-99.39283,1.0412
83.125,16.419533,-14.873798,-99.286507,,87.699997,16.061537,-14.851449,-99.172142,0.3765
83.14167,15.853117,-14.859903,-99.028854,,87.708336,15.840356,-14.847411,-99.15139,0.1238
83.150002,15.570578,-14.852903,-98.898483,,87.716667,15.619699,-14.843161,-99.13015,0.237
83.241669,12.47733,-14.780865,-97.435936,,87.849998,12.171383,-14.774997,-98.65168,1.2537
83.308334,10.272269,-14.753405,-96.378387,,87.958336,9.505268,-14.738758,-97.947594,1.7467
83.35833,8.611761,-14.736435,-95.600502,,88.025002,7.899198,-14.720449,-97.360252,1.8986
83.433334,6.078472,-14.701254,-94.522285,,88.116669,5.691426,-14.693827,-96.478172,1.9938
83.525002,2.885883,-14.652214,-93.456779,,88.300003,1.203327,-14.628176,-94.658409,2.0677
83.599998,0.197805,-14.612884,-92.860138,,88.39167,-1.047148,-14.588079,-93.745872,1.5281
83.633331,-1.011716,-14.587667,-92.673477,,88.39167,-1.047148,-14.588079,-93.745872,1.073
83.64167,-1.314997,-14.580846,-92.632553,,88.441666,-2.273642,-14.555337,-93.252449,1.1419
83.675003,-2.529631,-14.55347,-92.476761,,88.449997,-2.478509,-14.549769,-93.171356,0.6965
83.76667,-5.853257,-14.46717,-91.995117,,88.574997,-5.592949,-14.460117,-92.068817,0.2706
83.816666,-7.645515,-14.400729,-91.660851,,88.60833,-6.437908,-14.427306,-91.819527,1.2183
83.883331,-10.01066,-14.303667,-91.140961,,88.699997,-8.77156,-14.335472,-91.169075,1.2398
83.958336,-12.637156,-14.12967,-90.479156,,88.883331,-13.439506,-14.036716,-89.894577,0.9971
84.050003,-15.80202,-13.880541,-89.578964,,88.974998,-15.770091,-13.862183,-89.251053,0.33
84.14167,-18.957222,-13.72482,-88.608704,,89.066666,-18.105408,-13.73515,-88.613396,0.8519
84.241669,-22.414995,-13.649302,-87.45092,,89.25,-22.782066,-13.627005,-87.336952,0.385
84.275002,-23.569138,-13.628227,-87.040367,,89.300003,-24.057154,-13.603589,-86.986946,0.4915
84.308334,-24.722477,-13.60737,-86.613884,,89.308334,-24.269396,-13.599672,-86.927628,0.5512
84.35833,-26.4468,-13.57465,-85.935478,,89.400002,-26.583872,-13.554296,-86.20826,0.306
84.408333,-28.157722,-13.531258,-85.199821,,89.458336,-28.026922,-13.516648,-85.673538,0.4917
84.466667,-30.127899,-13.472803,-84.256859,,89.550003,-30.23559,-13.450168,-84.728897,0.4847
84.541664,-32.596703,-13.342905,-82.891968,,89.650002,-32.553783,-13.327636,-83.559464,0.669
84.633331,-35.47316,-13.077491,-80.973373,,89.816666,-36.114559,-12.982785,-81.217934,0.6929
84.64167,-35.724052,-13.038176,-80.785507,,89.816666,-36.114559,-12.982785,-81.217934,0.5853
84.716667,-37.91386,-12.690407,-78.994164,,89.908333,-37.86668,-12.713069,-79.710831,0.7186
84.808334,-40.306644,-12.354158,-76.474365,,90.091667,-40.884304,-12.283154,-76.277725,0.6143
84.900002,-42.035774,-12.086857,-73.463501,,90.183334,-42.122105,-12.102561,-74.384163,0.9248
84.991669,-42.967461,-11.91531,-70.124504,,90.366669,-44.01553,-11.838984,-70.336502,1.072
85.083336,-43.043377,-11.862089,-66.664833,,90.550003,-44.987202,-11.724178,-65.821686,2.1233
85.175003,-42.262405,-11.917047,-63.30117,,90.675003,-44.486919,-11.778233,-62.6064,2.3346
85.26667,-40.681381,-12.088096,-60.237934,,90.833336,-42.587261,-11.997737,-58.945248,2.3047
85.366669,-38.146446,-12.297407,-57.468582,,91.01667,-39.302166,-12.27085,-55.373371,2.393
85.416664,-36.61742,-12.404337,-56.373581,,91.083336,-37.8451,-12.367104,-54.306084,2.4048
85.425003,-36.348515,-12.423428,-56.212128,,91.083336,-37.8451,-12.367104,-54.306084,2.424
85.51667,-33.240822,-12.586842,-54.687538,,91.241669,-33.870594,-12.559156,-52.588894,2.1913
85.599998,-30.26716,-12.684125,-53.580383,,91.366669,-30.490147,-12.667059,-51.881813,1.7132
85.633331,-29.052073,-12.708295,-53.20937,,91.400002,-29.571283,-12.68492,-51.765678,1.5344
85.666664,-27.824236,-12.732873,-52.875572,,91.491669,-27.027267,-12.735399,-51.491703,1.597
85.675003,-27.51585,-12.73909,-52.797523,,91.491669,-27.027267,-12.735399,-51.491703,1.3942
85.76667,-24.094961,-12.800019,-52.063683,,91.583336,-24.465435,-12.777926,-51.229664,0.9129
85.816666,-22.212849,-12.82433,-51.751583,,91.675003,-21.888206,-12.812021,-50.965946,0.8502
85.875,-20.013607,-12.853272,-51.455322,,91.76667,-19.295856,-12.847095,-50.700466,1.0416
85.949997,-17.187214,-12.890193,-51.16074,,91.866669,-16.451061,-12.884953,-50.409164,1.0521
86.041664,-13.735901,-12.935171,-50.899426,,91.949997,-14.067155,-12.916681,-50.167007,0.8041
86.133331,-10.27695,-12.989089,-50.725224,,92.074997,-10.466634,-12.971946,-49.921429,0.8261
86.224998,-6.81185,-13.052508,-50.634613,,92.199997,-6.883102,-13.037173,-49.882408,0.7557
86.316666,-3.342711,-13.138823,-50.627621,,92.291664,-4.277879,-13.094471,-49.87413,1.2018
86.408333,0.129528,-13.244078,-50.704361,,92.474998,0.873925,-13.252445,-49.858467,1.1268
86.5,3.597201,-13.371346,-50.864651,,92.566666,3.420439,-13.348656,-49.850704,1.0295
86.566666,6.081188,-13.467843,-51.031452,,92.658333,5.947651,-13.446983,-49.842987,1.1961
86.64167,8.831432,-13.581137,-51.193825,,92.775002,9.136035,-13.578744,-49.833279,1.3942
86.666664,9.738095,-13.619452,-51.217789,,92.800003,9.815185,-13.607563,-49.831207,1.3888
86.691666,10.639585,-13.657537,-51.22134,,92.824997,10.492905,-13.636363,-49.82914,1.4001
86.716667,11.535426,-13.695372,-51.203537,,92.875,11.844053,-13.693928,-49.824978,1.4127
86.741669,12.425087,-13.733078,-51.164139,,92.900002,12.517478,-13.722792,-49.822895,1.3445
86.76667,13.308032,-13.770746,-51.103199,,92.925003,13.189466,-13.75178,-49.820827,1.288
86.791664,14.183736,-13.808366,-51.020958,,92.949997,13.860019,-13.780905,-49.818768,1.2453
86.816666,15.051703,-13.845583,-50.917725,,93,15.196851,-13.838696,-49.814621,1.1126
86.841667,15.911426,-13.882457,-50.793789,,93.025002,15.863129,-13.86738,-49.812553,0.9825
86.866669,16.762535,-13.918966,-50.650185,,93.050003,16.527979,-13.896001,-49.810501,0.8721
86.89167,17.605303,-13.954826,-50.490925,,93.091667,17.632906,-13.943125,-49.807114,0.6845
86.900002,17.884491,-13.966083,-50.435154,,93.099998,17.853436,-13.952008,-49.806438,0.6296
86.908333,18.162865,-13.977117,-50.378391,,93.10833,18.073811,-13.960771,-49.805763,0.5797
86.916664,18.440466,-13.987991,-50.320866,,93.116669,18.294029,-13.969443,-49.805088,0.5365
86.933334,18.993557,-14.00842,-50.204437,,93.14167,18.953779,-13.994101,-49.803074,0.4036
86.941666,19.269144,-14.018227,-50.146046,,93.175003,19.261045,-14.000756,-49.803146,0.3434
86.949997,19.406651,-14.02342,-50.116955,,93.175003,19.261045,-14.000756,-49.803146,0.3467
87.041664,20.311279,-14.0342,-49.952038,,93.26667,19.981413,-14.012484,-49.80566,0.3615
87.058334,20.475964,-14.037217,-49.927746,,93.366669,20.760618,-14.031709,-49.811264,0.3076
87.150002,21.381346,-14.057494,-49.81749,,93.458336,21.468529,-14.051183,-49.818695,0.0874
87.241669,22.283556,-14.081418,-49.73188,,93.550003,22.162683,-14.071418,-49.827984,0.1547
87.333336,23.181671,-14.107499,-49.666954,,93.64167,22.842813,-14.091909,-49.838867,0.3803
87.425003,24.075138,-14.134544,-49.620491,,93.833336,24.228329,-14.134566,-49.865978,0.2894
87.51667,24.96353,-14.162001,-49.590397,,93.925003,24.873434,-14.154623,-49.880619,0.304
87.616669,25.926498,-14.192168,-49.572468,,94.116669,26.185684,-14.195652,-49.911827,0.427
87.708336,26.803284,-14.217813,-49.558918,,94.116669,26.185684,-14.195652,-49.911827,0.7117
87.800003,27.67437,-14.240917,-49.546837,,94.116669,26.185684,-14.195652,-49.911827,1.5334
87.89167,28.539743,-14.261832,-49.535759,,94.116669,26.185684,-14.195652,-49.911827,2.3848
,,,,,,,,,9.689674085
